modelo,conjunto,id,p_hawkish,p_neutral,p_dovish,p_irrelevant
Qwen3 8B,control,1,1.0,1.7739974e-18,1.1779526e-15,3.247465e-20
Qwen3 8B,control,2,0.008577486,1.5844278e-16,0.9914225,7.4702046e-17
Qwen3 8B,control,3,9.3576344e-14,1.0,1.9810094e-13,2.3157702e-20
Qwen3 8B,control,4,6.1813234e-18,7.6812226e-15,8.3656275e-19,1.0
Qwen3 8B,propia,1,1.0,3.0391346e-14,2.5436698e-13,5.082578e-19
Qwen3 8B,propia,2,0.0002611903,0.9997387,1.12505795e-07,1.0814818e-11
Qwen3 8B,propia,3,7.889264e-06,0.99999183,3.0590002e-07,5.2116383e-10
Qwen3 8B,propia,4,4.4202252e-14,0.9999997,3.9008378e-14,3.059026e-07
Qwen3 8B,propia,5,0.0005527256,0.99935126,9.604931e-05,8.1095215e-16
Qwen3 8B,propia,6,2.6465738e-09,1.0,2.9400767e-11,2.6466043e-09
Qwen3 8B,propia,7,0.6223581,0.00016259655,0.37747926,1.9933807e-15
Qwen3 8B,propia,8,1.1399914e-12,1.0,8.878273e-13,1.4095794e-16
Qwen3 8B,propia,9,1.25779534e-11,0.37754068,1.7022397e-12,0.62245935
Qwen3 8B,propia,10,1.0,4.8488026e-11,3.5817502e-10,5.679722e-14
Qwen3 8B,propia,11,1.01299975e-05,0.99998975,1.02617886e-10,1.1253453e-07
Qwen3 8B,propia,12,0.9968257,0.0031726814,8.28889e-07,8.288955e-07
Qwen3 8B,propia,13,7.950241e-11,0.0052201273,1.2192104e-11,0.9947799
Qwen3 8B,propia,14,4.5957943e-10,0.00070967065,8.758029e-08,0.9992902
Qwen3 8B,propia,15,0.029068112,0.00832816,0.9626037,3.985185e-08
Qwen3 8B,propia,16,1.0,3.7759067e-11,1.3176517e-10,1.1802266e-15
Qwen3 8B,propia,17,5.2792065e-15,1.3176522e-10,4.910434e-16,1.0
Qwen3 8B,propia,18,7.194134e-09,0.9999997,1.18611245e-08,3.059037e-07
Qwen3 8B,propia,19,3.7751385e-11,1.0,3.7751385e-11,1.8430524e-14
Qwen3 8B,propia,20,5.2792065e-15,3.0988211e-12,9.669274e-17,1.0
Qwen3 8B,propia,21,9.357513e-14,1.300714e-05,2.825723e-15,0.999987
Qwen3 8B,propia,22,3.5817502e-10,1.0,2.2897366e-11,2.1631848e-17
Qwen3 8B,propia,23,0.9999996,3.927896e-07,3.398267e-09,1.7489879e-13
Qwen3 8B,propia,24,1.0,6.2248304e-11,1.9555698e-08,3.632098e-15
Qwen3 8B,propia,25,5.384944e-13,3.398269e-09,2.0879692e-14,1.0
Qwen3 8B,propia,26,6.155768e-11,0.010986946,3.935252e-12,0.9890131
Qwen3 8B,propia,27,8.764195e-08,0.99999374,6.144177e-06,9.73648e-10
Qwen3 8B,propia,28,1.6914588e-10,0.00026119035,7.9898727e-11,0.9997388
Qwen3 8B,propia,29,6.8256035e-08,0.99999994,2.0611535e-09,6.433842e-14
Qwen3 8B,propia,30,5.9053085e-10,1.0,1.0261894e-10,5.3158736e-08
Qwen3 8B,propia,31,4.752199e-13,1.6919018e-10,9.862881e-15,1.0
Qwen3 8B,propia,32,2.9400628e-11,4.7850967e-06,1.081588e-11,0.99999523
Qwen3 8B,propia,33,3.0258521e-13,0.81757444,6.405742e-13,0.18242553
Qwen3 8B,propia,34,2.9400767e-11,1.0,1.0815932e-11,2.2900192e-11
Qwen3 8B,propia,35,4.1937924e-13,5.9053124e-10,3.0379802e-14,1.0
Qwen3 8B,propia,36,3.0988192e-12,1.0,6.914396e-13,3.7014678e-13
Qwen3 8B,propia,37,2.4133642e-12,6.475946e-07,2.882352e-13,0.99999934
Qwen3 8B,propia,38,2.0913503e-10,0.03732689,7.1562123e-12,0.9626731
Qwen3 8B,propia,39,4.918384e-12,0.03732689,1.409142e-12,0.9626731
Qwen3 8B,propia,40,1.8646236e-09,0.9046505,1.8280155e-11,0.095349476
Qwen3 8B,propia,41,0.0008025383,0.119107306,0.8800902,1.340399e-08
Qwen3 8B,propia,42,1.4449294e-07,0.99996454,4.8471956e-11,3.5356265e-05
Qwen3 8B,propia,43,0.008577486,0.9914225,2.4894598e-08,3.8685235e-14
Qwen3 8B,propia,44,0.99998325,3.2241797e-08,1.6701428e-05,4.1949636e-13
Qwen3 8B,propia,45,8.5756124e-10,0.88079685,2.0983848e-07,0.119202904
Qwen3 8B,propia,46,2.7322088e-12,0.999089,4.7478704e-13,0.0009110512
Qwen3 8B,propia,47,9.237455e-09,1.0,2.2897366e-11,9.86465e-15
Qwen3 8B,propia,48,1.4350378e-14,4.3634647e-09,3.3748898e-16,1.0
Qwen3 8B,propia,49,1.0,4.2539905e-18,3.2020001e-15,9.308093e-21
Qwen3 8B,propia,50,1.4301463e-12,0.97702265,1.0359957e-13,0.022977374
Qwen3 8B,propia,51,8.423468e-12,1.0,2.4133657e-12,1.2919415e-12
Qwen3 8B,propia,52,0.0007446395,0.18220735,0.8165964,0.00045164741
Qwen3 8B,propia,53,0.99999917,1.6920426e-10,8.315278e-07,4.6608894e-15
Qwen3 8B,propia,54,9.3544963e-14,0.99966466,3.2650377e-13,0.0003353502
Qwen3 8B,propia,55,0.0019267349,0.9980733,1.2477438e-09,3.6946317e-13
Qwen3 8B,propia,56,1.1861055e-08,0.99999386,9.056016e-11,6.144194e-06
Qwen3 8B,propia,57,3.0988192e-12,1.0,2.4133657e-12,1.7797105e-18
Qwen3 8B,propia,58,1.2664171e-14,1.1861129e-08,3.44248e-14,1.0
Qwen3 8B,propia,59,2.4941924e-08,0.0066928514,7.531818e-10,0.9933071
Qwen3 8B,propia,60,0.99592817,0.0040701334,1.7531785e-06,5.471093e-11
Qwen3 8B,propia,61,0.007081581,0.49645734,3.916714e-06,0.49645716
Qwen3 8B,propia,62,9.3576344e-14,1.0,2.5436698e-13,2.4135704e-12
Qwen3 8B,propia,63,1.0,1.9555896e-08,4.3634634e-09,1.0604482e-13
Qwen3 8B,propia,64,3.0862066e-12,0.0040701386,1.8718787e-12,0.9959299
Qwen3 8B,propia,65,9.3576344e-14,1.0,8.258068e-14,9.030536e-18
Qwen3 8B,propia,66,1.3347944e-15,3.9789717e-12,2.0469722e-16,1.0
Qwen3 8B,propia,67,1.0815932e-11,1.0,1.6919006e-10,5.835314e-20
Qwen3 8B,propia,68,4.508759e-12,0.99999994,6.1019375e-13,8.7642654e-08
Qwen3 8B,propia,69,2.7708e-10,0.9933072,4.249159e-11,0.006692851
Qwen3 8B,propia,70,5.1090902e-12,1.0,1.46378e-12,5.315794e-08
Qwen3 8B,propia,71,0.14804712,0.85195255,3.3463553e-07,1.0792464e-14
Qwen3 8B,propia,72,6.2241524e-11,1.0,3.5114199e-12,5.4772955e-18
Qwen3 8B,propia,73,0.99996424,3.5356326e-05,3.927726e-07,2.3665511e-14
Qwen3 8B,propia,74,1.0,1.1861192e-08,1.0815932e-11,3.0385254e-14
Qwen3 8B,propia,75,1.0,1.0816489e-11,3.0988192e-12,3.3142619e-18
Qwen3 8B,propia,76,0.9701669,0.02929651,0.0005365843,1.2961542e-15
Qwen3 8B,propia,77,2.0607342e-09,0.00020342699,3.397577e-09,0.99979657
Qwen3 8B,propia,78,3.978966e-12,0.9999994,1.4637793e-12,6.4759524e-07
Qwen3 8B,propia,79,3.2020001e-15,8.423471e-12,1.2415512e-16,1.0
Qwen3 8B,propia,80,5.898402e-10,0.0011695102,4.841699e-11,0.9988305
Qwen3 8B,propia,81,3.129678e-08,0.9706877,4.018586e-08,0.029312229
Qwen3 8B,propia,82,7.889268e-06,0.99999213,7.5825074e-10,7.434439e-12
Qwen3 8B,propia,83,0.00033452114,0.9971937,0.002471796,1.6008425e-09
Qwen3 8B,propia,84,1.7828836e-11,0.00020342697,3.510706e-12,0.99979657
Qwen3 8B,propia,85,1.1861128e-08,1.0,6.2241524e-11,4.4206514e-14
Qwen3 8B,propia,86,2.7046542e-12,0.010986946,1.3465668e-13,0.9890131
Qwen3 8B,propia,87,2.4937232e-15,8.8783023e-13,1.5941896e-16,1.0
Qwen3 8B,propia,88,1.0,7.582711e-10,3.0988192e-12,2.321393e-16
Qwen3 8B,propia,89,0.7661571,0.17095287,0.06289001,7.077625e-09
Qwen3 8B,propia,90,6.5602107e-12,1.0,1.46378e-12,1.907434e-17
Qwen3 8B,propia,91,0.8546736,0.0006069705,0.054637462,0.09008195
Qwen3 8B,propia,92,4.133722e-08,0.9984988,0.0015011822,7.953633e-18
Qwen3 8B,propia,93,1.855392e-07,3.5817815e-10,0.9999998,7.835329e-13
Qwen3 8B,propia,94,1.9810092e-13,1.6052281e-09,3.03798e-14,1.0
Qwen3 8B,propia,95,4.5936802e-10,0.0011695102,4.503486e-12,0.9988305
Qwen3 8B,propia,96,1.855392e-07,0.9999998,2.6465734e-09,8.258859e-14
Qwen3 8B,propia,97,0.0006996971,0.014053795,0.98524654,5.7043177e-12
Qwen3 8B,propia,98,3.7751385e-11,1.0,1.6919006e-10,4.04011e-17
Qwen3 8B,propia,99,0.99842423,0.0015010714,7.473389e-05,3.4380112e-14
Qwen3 8B,propia,100,1.3176517e-10,1.0,1.6586792e-12,9.87307e-15
Qwen3 8B,propia,101,3.0531248e-07,0.77729857,1.3683147e-06,0.22269976
Qwen3 8B,propia,102,2.882354e-13,1.0,1.2015428e-13,1.037857e-19
Qwen3 8B,propia,103,0.008577444,0.9914178,4.744052e-06,1.3064295e-10
Qwen3 8B,propia,104,1.8426272e-14,0.9999998,3.0379812e-14,1.8553948e-07
Qwen3 8B,propia,105,1.0129925e-05,0.99998266,1.0676852e-06,6.14424e-06
Qwen3 8B,propia,106,7.5825674e-10,1.0,2.940077e-11,1.8441103e-14
Qwen3 8B,propia,107,3.2661328e-13,1.0,1.5428136e-13,3.58181e-10
Qwen3 8B,propia,108,1.0,3.3983185e-09,4.8473676e-11,1.2429158e-16
Qwen3 8B,propia,109,0.00020312164,0.0015008787,0.998296,7.5698825e-10
Qwen3 8B,propia,110,1.1176099e-14,1.0,6.7786463e-15,5.1828692e-17
Qwen3 8B,propia,111,1.0677026e-06,0.9999988,1.1253507e-07,1.2441e-16
Qwen3 8B,propia,112,3.0493192e-07,0.0031726842,0.996827,8.075631e-16
Qwen3 8B,propia,113,1.6802586e-17,2.087973e-14,2.2740105e-18,1.0
Qwen3 8B,propia,114,2.6809946e-14,2.9023129e-06,4.1114454e-15,0.99999714
Qwen3 8B,propia,115,0.6791781,0.32082114,7.251611e-07,8.949519e-11
Qwen3 8B,propia,116,5.8291265e-05,0.99994165,5.3154743e-08,2.6301993e-16
Qwen3 8B,propia,117,2.0611535e-09,1.0,2.9400767e-11,1.6015669e-16
Qwen3 8B,propia,118,0.9999415,5.8291298e-05,1.8552838e-07,2.9804045e-16
Qwen3 8B,propia,119,1.3007138e-05,0.9999869,5.3157148e-08,8.76428e-08
Qwen3 8B,propia,120,1.2015425e-13,1.8553921e-07,1.1176098e-14,0.9999998
Qwen3 8B,propia,121,5.788176e-12,0.00020342697,4.751233e-13,0.99979657
Qwen3 8B,propia,122,6.427842e-14,0.9994472,5.6725573e-14,0.0005527789
Qwen3 8B,propia,123,7.889268e-06,0.9999921,5.905262e-10,5.3157905e-08
Qwen3 8B,propia,124,0.9988069,0.00026094718,2.141983e-05,0.00091079395
Qwen3 8B,propia,125,1.904798e-09,0.9241418,5.1777804e-09,0.075858176
Qwen3 8B,propia,126,2.4133657e-12,1.0,1.658679e-12,8.547594e-17
Qwen3 8B,propia,127,0.99805194,0.0019266944,2.1403637e-05,1.1378458e-12
Qwen3 8B,propia,128,1.5229794e-08,1.3007141e-05,4.2777337e-11,0.999987
Qwen3 8B,propia,129,0.49999738,0.4999976,5.065024e-06,7.3207743e-13
Qwen3 8B,propia,130,3.2241786e-08,0.9999977,5.905295e-10,2.2603354e-06
Qwen3 8B,propia,131,3.442324e-14,4.539787e-05,6.7783384e-15,0.9999546
Qwen3 8B,propia,132,1.4449806e-07,0.9999999,2.6465736e-09,1.5429616e-13
Qwen3 8B,propia,133,7.835053e-13,1.0,3.0988192e-12,1.01250507e-19
Qwen3 8B,propia,134,8.764248e-08,0.9999999,5.602798e-09,9.736764e-10
Qwen3 8B,propia,135,7.889267e-06,0.999992,8.7641794e-08,2.1603372e-17
Qwen3 8B,propia,136,0.9999998,1.8554049e-07,1.522999e-08,2.6815472e-14
Qwen3 8B,propia,137,1.7603422e-06,0.9999976,6.475934e-07,1.5739266e-11
Qwen3 8B,propia,138,2.7279383e-12,0.9975274,5.37163e-13,0.0024726242
Qwen3 8B,propia,139,0.8154886,0.031620044,0.08595188,0.06693949
Qwen3 8B,propia,140,1.02592136e-10,0.9997388,3.33068e-11,0.00026119038
Qwen3 8B,propia,141,0.2226999,0.77729905,1.065645e-06,4.186563e-13
Qwen3 8B,propia,142,6.219735e-11,0.0007096707,5.901118e-10,0.99929035
Qwen3 8B,propia,143,0.008577486,1.5844278e-16,0.9914225,7.4702046e-17
Qwen3 8B,propia,144,3.2162138e-08,0.0024726242,7.563818e-10,0.99752736
Qwen3 8B,propia,145,4.1770615e-12,0.18242553,1.5366564e-12,0.81757444
Qwen3 8B,propia,146,4.5990586e-10,1.0,1.3887952e-11,1.1400767e-12
Qwen3 8B,propia,147,4.494454e-12,0.9968273,4.1804876e-13,0.003172684
Qwen3 8B,propia,148,4.3406856e-09,0.0052201273,3.563053e-10,0.9947799
Qwen3 8B,propia,149,3.2661328e-13,1.0,2.54367e-13,3.443274e-14
Qwen3 8B,propia,150,0.9706865,0.029312197,1.3307714e-06,1.6971735e-13
Qwen3 8B,propia,151,9.237455e-09,1.02621765e-10,1.0,5.385059e-13
Qwen3 8B,propia,152,2.7894678e-10,0.9999994,4.5990559e-10,6.4759547e-07
Qwen3 8B,propia,153,0.006538779,0.97044116,0.00019745399,0.022822592
Qwen3 8B,propia,154,5.2701886e-08,0.9914225,1.9387958e-08,0.008577486
Qwen3 8B,propia,155,0.1192025,0.8807942,3.2824146e-06,1.7225425e-08
Qwen3 8B,propia,156,3.0988192e-12,1.0,3.5114199e-12,5.281783e-15
Qwen3 8B,propia,157,1.2917821e-12,1.0,1.8795284e-12,7.03679e-18
Qwen3 8B,propia,158,3.224186e-08,0.99999994,2.510998e-08,1.6052845e-09
Qwen3 8B,propia,159,1.3151141e-10,0.7772999,4.26954e-11,0.22270015
Qwen3 8B,propia,160,3.7751385e-11,1.0,7.1941364e-09,5.0109405e-14
Qwen3 8B,propia,161,1.2917821e-12,1.0,2.7347003e-12,2.413799e-12
Qwen3 8B,propia,162,0.04742571,3.5499265e-06,0.95257074,1.4991975e-11
Qwen3 8B,propia,163,4.5990586e-10,1.0,5.1090902e-12,3.701764e-13
Qwen3 8B,propia,164,2.7893704e-10,3.5356246e-05,1.8553263e-07,0.9999645
Qwen3 8B,propia,165,1.3709571e-06,0.9999986,3.2241815e-08,6.5606344e-12
Qwen3 8B,propia,166,2.2447762e-13,1.5229993e-08,1.6261105e-14,1.0
Qwen3 8B,propia,167,2.2897366e-11,1.0,1.0060395e-12,1.3856261e-18
Qwen3 8B,propia,168,8.997627e-10,0.9241418,1.3798307e-10,0.075858176
Qwen3 8B,propia,169,1.2214273e-09,0.022977374,5.1936414e-08,0.9770225
Qwen3 8B,propia,170,1.6586743e-12,0.99999714,1.38879125e-11,2.9023136e-06
Qwen3 8B,propia,171,1.9039812e-17,8.703958e-15,2.919885e-18,1.0
Qwen3 8B,propia,172,1.0060395e-12,1.0,5.384944e-13,6.224347e-11
Qwen3 8B,propia,173,2.0204375e-11,0.9998766,6.9135463e-13,0.00012339468
Qwen3 8B,propia,174,9.6102434e-05,0.99990386,3.5814054e-10,1.4070958e-16
Qwen3 8B,propia,175,2.1724407e-10,1.0,7.99196e-11,6.102904e-13
Qwen3 8B,propia,176,9.3576344e-14,1.6052282e-09,5.279213e-15,1.0
Qwen3 8B,propia,177,4.5990586e-10,1.0,1.0815932e-11,1.0975314e-16
Qwen3 8B,propia,178,1.981009e-13,1.8553921e-07,6.4313985e-14,0.9999998
Qwen3 8B,propia,179,2.5436698e-13,7.9919675e-11,1.43504e-14,1.0
Qwen3 8B,propia,180,0.31437367,0.020097248,0.6655291,6.3536377e-12
Qwen3 8B,propia,181,3.0590243e-07,0.9999997,9.736194e-10,1.4934838e-10
Qwen3 8B,propia,182,5.3157848e-08,1.0,4.8473676e-11,1.6052546e-09
Qwen3 8B,propia,183,7.3830697e-09,0.37754068,3.2438927e-10,0.62245935
Qwen3 8B,propia,184,1.1399914e-12,2.5109985e-08,1.1176104e-14,1.0
Qwen3 8B,propia,185,5.0087823e-14,1.4449807e-07,4.6588887e-15,0.9999999
Qwen3 8B,propia,186,0.0757229,0.92249465,1.6239087e-06,0.0017808337
Qwen3 8B,propia,187,2.9344197e-11,0.119202934,1.6554834e-12,0.8807971
Qwen3 8B,propia,188,0.00041449245,0.03731143,0.962274,1.33656645e-11
Qwen3 8B,propia,189,8.76286e-08,0.99984145,0.00015843619,1.0814555e-11
Qwen3 8B,propia,190,0.00013061221,0.49993476,0.49993464,1.4700062e-11
Qwen3 8B,propia,191,1.6886409e-10,0.001926735,2.5896108e-11,0.9980733
Qwen3 8B,propia,192,2.7894695e-10,1.0,6.2241524e-11,4.5991114e-10
Qwen3 8B,propia,193,0.9999986,1.3709591e-06,2.789466e-10,8.0980394e-16
Qwen3 8B,propia,194,6.2241524e-11,1.0,5.1090902e-12,1.3888443e-11
Qwen3 8B,propia,195,7.4702046e-05,0.0019265938,0.9979987,1.0041501e-12
Qwen3 8B,propia,196,0.00070965104,0.9992628,1.1852382e-08,2.7516186e-05
Qwen3 8B,propia,197,0.00014641926,0.9240065,0.07584706,2.7711589e-09
Qwen3 8B,propia,198,0.00043055715,0.9995694,1.9547276e-08,3.9009465e-14
Qwen3 8B,propia,199,0.00091105106,0.99908894,2.6441624e-09,1.1850403e-08
Qwen3 8B,propia,200,7.988519e-11,0.00043055715,2.938811e-11,0.9995694
Qwen3 8B,propia,201,0.99944717,0.00055277976,6.82183e-08,3.3966439e-09
Qwen3 8B,propia,202,4.5397763e-05,0.9999523,2.260222e-06,3.581788e-10
Qwen3 8B,propia,203,5.0087775e-14,0.9999989,2.8823512e-13,1.0677036e-06
Qwen3 8B,propia,204,3.098819e-12,8.7642526e-08,1.2015427e-13,0.99999994
Qwen3 8B,propia,205,8.423468e-12,1.0,1.0060397e-12,1.879911e-12
Qwen3 8B,propia,206,0.0018355113,0.95081854,0.04733846,7.501328e-06
Qwen3 8B,propia,207,9.357632e-14,3.0590246e-07,4.1114573e-15,0.9999997
Qwen3 8B,propia,208,6.101937e-13,1.0,2.1297835e-12,2.1725084e-10
Qwen3 8B,propia,209,1.3176517e-10,0.99999994,2.0611535e-09,6.825633e-08
Qwen3 8B,propia,210,0.008118006,0.017185874,0.9383138,0.036382392
Qwen3 8B,propia,211,1.1861128e-08,1.0,7.5825674e-10,5.602822e-09
Qwen3 8B,propia,212,4.783036e-06,0.99956465,1.2496082e-09,0.00043055523
Qwen3 8B,propia,213,0.9994472,0.00055277895,2.1712399e-10,3.440908e-14
Qwen3 8B,propia,214,3.0988192e-12,1.0,4.1937924e-13,3.2663772e-13
Qwen3 8B,propia,215,4.1937919e-13,1.4449807e-07,2.3659782e-14,0.9999999
Qwen3 8B,propia,216,1.6919006e-10,1.0,2.7894695e-10,1.955577e-08
Qwen3 8B,propia,217,2.1724407e-10,1.0,2.7894695e-10,1.2256713e-11
Qwen3 8B,propia,218,1.1861123e-08,0.9999995,3.2241847e-08,3.9278885e-07
Qwen3 8B,propia,219,1.7482356e-13,1.0,1.3615258e-13,4.117637e-15
Qwen3 8B,propia,220,1.3878097e-11,0.99929035,2.7327593e-12,0.00070967077
Qwen3 8B,wcb,1,4.8473676e-11,1.0,2.1724407e-10,4.5991852e-10
Qwen3 8B,wcb,2,5.828967e-05,2.7534315e-05,0.99991417,1.5229011e-08
Qwen3 8B,wcb,3,0.0024726186,0.99752563,1.75599e-06,7.668363e-15
Qwen3 8B,wcb,4,2.7534728e-05,0.9999371,3.535527e-05,4.3635153e-09
Qwen3 8B,wcb,5,1.7691072e-08,0.09534947,2.3942244e-09,0.9046505
Qwen3 8B,wcb,6,0.5621653,1.9876881e-05,0.4378148,9.832772e-14
Qwen3 8B,wcb,7,7.1941306e-09,8.315318e-07,0.99999917,1.1402224e-12
Qwen3 8B,wcb,8,1.0,2.789613e-10,8.423468e-12,3.206814e-15
Qwen3 8B,wcb,9,6.824947e-08,0.99990386,9.610244e-05,2.6817634e-14
Qwen3 8B,wcb,10,1.7832463e-11,1.0,1.0815932e-11,2.1724873e-10
Qwen3 8B,wcb,11,1.1860801e-08,2.753571e-05,7.1939383e-09,0.99997246
Qwen3 8B,wcb,12,1.0677027e-06,0.9999989,4.3634585e-09,9.877696e-15
Qwen3 8B,wcb,13,0.0004303192,0.9990171,2.5085297e-08,0.0005525411
Qwen3 8B,wcb,14,9.545033e-12,1.0,1.2256083e-11,8.274009e-14
Qwen3 8B,wcb,15,7.889135e-06,0.9999754,1.6701295e-05,7.053073e-11
Qwen3 8B,wcb,16,0.9820137,6.703227e-08,0.017986212,1.119715e-12
Qwen3 8B,wcb,17,0.99999946,5.0435295e-07,5.315782e-08,1.0610222e-13
Qwen3 8B,wcb,18,0.006540072,0.022827132,0.9706328,1.9235634e-13
Qwen3 8B,wcb,19,7.475872e-05,0.0011694272,0.9987558,4.189281e-13
Qwen3 8B,wcb,20,5.035855e-07,0.9984882,0.001501166,1.0114813e-05
Qwen3 8B,wcb,21,0.0019266934,0.99805194,2.1403634e-05,2.8231657e-15
Qwen3 8B,wcb,22,0.9999687,3.7266082e-06,2.75356e-05,1.4936904e-10
Qwen3 8B,wcb,23,1.6919006e-10,1.0,6.2241524e-11,2.018715e-18
Qwen3 8B,wcb,24,9.237455e-09,1.0,7.1941364e-09,1.3619284e-13
Qwen3 8B,wcb,25,4.7850967e-06,0.99999523,7.1941018e-09,3.5118941e-12
Qwen3 8B,wcb,26,1.1253512e-07,0.9999992,6.475945e-07,1.3618382e-13
Qwen3 8B,wcb,27,2.0604622e-09,0.99966466,5.9033284e-10,0.00033535028
Qwen3 8B,wcb,28,9.6014905e-05,0.0009109662,0.99899304,9.228236e-09
Qwen3 8B,wcb,29,0.97649485,0.022965016,0.0005400842,2.928936e-09
Qwen3 8B,wcb,30,1.2477434e-09,0.22270015,1.5706797e-11,0.7772999
Qwen3 8B,wcb,31,6.825603e-08,1.0821211e-11,0.99999994,1.5429442e-13
Qwen3 8B,wcb,32,0.9999783,2.1445005e-05,2.3823192e-07,1.225733e-11
Qwen3 8B,wcb,33,9.610244e-05,0.9999039,5.9047406e-10,5.0134765e-14
Qwen3 8B,wcb,34,1.5229665e-08,0.99997854,9.735989e-10,2.1444972e-05
Qwen3 8B,wcb,35,5.0434784e-07,2.6467708e-09,0.9999995,1.62644e-14
Qwen3 8B,wcb,36,2.2354905e-06,0.9890109,0.01098692,7.4997364e-10
Qwen3 8B,wcb,37,0.014047409,0.001153085,0.9847995,9.910593e-13
Qwen3 8B,wcb,38,5.315543e-08,0.9999545,4.5397865e-05,1.02617095e-10
Qwen3 8B,wcb,39,2.1724407e-10,1.0,2.7347e-12,4.195034e-13
Qwen3 8B,wcb,40,5.063679e-08,0.047425877,4.156522e-09,0.9525741
Qwen3 8B,wcb,41,8.423468e-12,1.0,8.4234685e-12,5.315899e-08
Qwen3 8B,wcb,42,1.9555676e-08,0.9999989,3.3982648e-09,1.0677046e-06
Qwen3 8B,wcb,43,4.361585e-09,0.9995695,9.732005e-10,0.0004305572
Qwen3 8B,wcb,44,3.3982606e-09,0.99999774,1.0815909e-11,2.2603276e-06
Qwen3 8B,wcb,45,8.1242143e-07,0.9770218,0.022977352,1.6208566e-12
Qwen3 8B,wcb,46,4.5990584e-10,1.0,2.7894692e-10,2.7408948e-19
Qwen3 8B,wcb,47,1.6676355e-05,0.0015011586,0.99848217,1.9399528e-15
Qwen3 8B,wcb,48,3.5356232e-05,0.99996424,3.9277256e-07,5.4935733e-11
Qwen3 8B,wcb,49,4.139255e-08,0.9998354,6.143204e-06,0.0001584353
Qwen3 8B,wcb,50,1.11947735e-07,0.99477977,0.005220126,5.184306e-10
Qwen3 8B,wcb,51,1.0369648e-09,0.93991274,6.086828e-07,0.060086623
Qwen3 8B,wcb,52,3.0590218e-07,8.31535e-07,0.99999887,1.942852e-15
Qwen3 8B,wcb,53,4.6664308e-11,0.03732689,3.6342245e-11,0.9626731
Qwen3 8B,wcb,54,3.7415813e-07,0.95257354,2.2693834e-07,0.047425855
Qwen3 8B,wcb,55,1.18381775e-08,0.77729374,7.874064e-06,0.2226984
Qwen3 8B,wcb,56,1.0,5.1094727e-12,3.978968e-12,1.242833e-16
Qwen3 8B,wcb,57,4.8473676e-11,1.0,3.0988192e-12,1.0975314e-16
Qwen3 8B,wcb,58,6.2241524e-11,1.0,9.545033e-12,6.3124945e-16
Qwen3 8B,wcb,59,3.5817502e-10,1.0,4.8473676e-11,1.15691706e-17
Qwen3 8B,wcb,60,7.484624e-05,4.139741e-08,0.9999251,3.7014868e-13
Qwen3 8B,wcb,61,2.1444954e-05,0.99997854,1.9555277e-08,5.2103204e-17
Qwen3 8B,wcb,62,0.0002611652,0.9996428,9.607733e-05,1.4356793e-14
Qwen3 8B,wcb,63,0.9999986,1.3709645e-06,3.7751333e-11,2.3217747e-16
Qwen3 8B,wcb,64,8.79936e-09,0.04742588,2.6571764e-10,0.95257413
Qwen3 8B,wcb,65,0.8059741,0.10907677,0.084949054,3.1454165e-14
Qwen3 8B,wcb,66,8.350782e-06,0.4999959,0.49999577,1.3233529e-09
Qwen3 8B,wcb,67,1.2501503e-09,1.7603438e-06,0.9999982,4.3345683e-16
Qwen3 8B,wcb,68,0.9770223,0.022977376,3.837613e-07,1.935884e-13
Qwen3 8B,wcb,69,0.9999999,1.4449972e-07,1.6052276e-09,2.8290653e-15
Qwen3 8B,wcb,70,0.0066800374,0.77210754,0.22121243,4.7146954e-13
Qwen3 8B,wcb,71,0.001926735,4.5906387e-10,0.9980732,2.0169644e-11
Qwen3 8B,wcb,72,7.484622e-05,0.99992484,3.0587952e-07,7.2897776e-14
Qwen3 8B,wcb,73,0.5620197,0.4377027,0.00018853664,8.9059e-05
Qwen3 8B,wcb,74,8.423468e-12,1.0,1.8795284e-12,8.2612065e-14
Qwen3 8B,wcb,75,0.9046505,0.0953495,1.7691073e-08,7.2303524e-11
Qwen3 8B,wcb,76,0.0005428417,0.017976454,0.9814805,2.338267e-07
Qwen3 8B,wcb,77,0.9999646,3.535631e-05,5.3155965e-08,7.2896225e-14
Qwen3 8B,wcb,78,0.0018996897,0.014036929,0.9840634,1.2063217e-11
Qwen3 8B,wcb,79,1.7603431e-06,2.5110412e-08,0.9999982,7.053043e-11
Qwen3 8B,wcb,80,1.2954192e-05,0.99591655,3.9118265e-07,0.0040700887
Qwen3 8B,wcb,81,1.0621291e-06,0.0052201245,0.9947788,1.4280879e-14
Qwen3 8B,wcb,82,9.237454e-09,1.0,1.6052277e-09,1.0208643e-17
Qwen3 8B,wcb,83,2.1724407e-10,1.0,2.0611535e-09,3.1497704e-17
Qwen3 8B,wcb,84,4.7656204e-06,0.9959251,0.004070119,2.6359863e-09
Qwen3 8B,wcb,85,2.5108841e-08,4.5397952e-05,0.9999546,1.1784066e-15
Qwen3 8B,wcb,86,1.0277535e-06,0.96258307,9.2515475e-05,0.0373234
Qwen3 8B,wcb,87,1.6991342e-09,0.5,4.528036e-11,0.5
Qwen3 8B,wcb,88,6.4759445e-07,0.9999993,6.825598e-08,1.2501659e-09
Qwen3 8B,wcb,89,4.131955e-08,0.7772991,8.299252e-07,0.22269994
Qwen3 8B,wcb,90,7.991922e-11,0.99999523,6.9143655e-13,4.7851004e-06
Qwen3 8B,wcb,91,2.1724407e-10,1.0,4.5990586e-10,2.1631848e-17
Qwen3 8B,wcb,92,1.1861123e-08,0.9999996,3.9278646e-07,3.5820527e-10
Qwen3 8B,wcb,93,1.0,7.83602e-13,7.835053e-13,4.822214e-18
Qwen3 8B,wcb,94,3.3982683e-09,1.0,5.9053085e-10,5.602863e-09
Qwen3 8B,wcb,95,3.5027197e-06,0.9399101,0.060086437,1.5088228e-09
Qwen3 8B,wcb,96,7.5824047e-10,0.99997854,4.59896e-10,2.1444976e-05
Qwen3 8B,wcb,97,0.01797965,0.9816563,0.00032930876,3.470907e-05
Qwen3 8B,wcb,98,2.5101553e-08,0.9996643,3.0579983e-07,0.0003353504
Qwen3 8B,wcb,99,0.0016974522,0.1190007,0.87930185,2.7801916e-10
Qwen3 8B,wcb,100,0.0005000978,0.9041981,0.09530175,3.2406403e-10
Qwen3 8B,wcb,101,0.9999703,1.3006966e-05,1.6701211e-05,1.6919102e-10
Qwen3 8B,wcb,102,5.6756913e-14,1.0,9.357654e-14,8.739513e-15
Qwen3 8B,wcb,103,4.5990303e-10,6.1441783e-06,5.602764e-09,0.99999386
Qwen3 8B,wcb,104,5.829127e-05,5.3155357e-08,0.99994165,3.7009631e-13
Qwen3 8B,wcb,105,0.43211052,0.01304862,0.55484086,2.2842302e-15
Qwen3 8B,wcb,106,1.0261894e-10,1.0,3.5817502e-10,4.3635024e-09
Qwen3 8B,wcb,107,1.0815932e-11,1.0,3.0988192e-12,1.2501915e-09
Qwen3 8B,wcb,108,1.4637799e-12,0.99999994,2.8823547e-13,6.825626e-08
Qwen3 8B,wcb,109,3.058885e-07,0.9999543,4.5397854e-05,7.683598e-15
Qwen3 8B,wcb,110,1.4449803e-07,0.9999997,1.4449803e-07,8.2588585e-14
Qwen3 8B,wcb,111,1.9041182e-07,0.3775406,1.5629938e-08,0.6224592
Qwen3 8B,wcb,112,2.1392518e-08,0.1480472,1.5496704e-09,0.8519528
Qwen3 8B,wcb,113,6.375511e-05,0.14801216,0.00017330433,0.8517508
Qwen3 8B,wcb,114,3.3748847e-16,1.0,3.628356e-15,5.1096466e-12
Qwen3 8B,wcb,115,0.5465493,0.12195175,0.33149892,2.0256422e-13
Qwen3 8B,wcb,116,1.0,2.3665231e-14,1.46378e-12,1.6504456e-19
Qwen3 8B,wcb,117,2.4937232e-15,1.0,1.842628e-14,1.6919605e-10
Qwen3 8B,wcb,118,3.0589584e-07,0.99997824,2.1444948e-05,1.3284257e-17
Qwen3 8B,wcb,119,1.4446863e-07,0.99979645,0.00020342691,3.562071e-17
Qwen3 8B,wcb,120,1.0815932e-11,1.0,1.0815932e-11,7.2908625e-14
Qwen3 8B,wcb,121,2.9397138e-11,0.00012339464,1.4635995e-12,0.9998766
Qwen3 8B,wcb,122,1.0261894e-10,1.0,1.1399915e-12,6.780919e-15
Qwen3 8B,wcb,123,7.802589e-06,0.010986872,0.9890053,4.0704533e-15
Qwen3 8B,wcb,124,2.020595e-11,0.9999546,1.2255526e-11,4.539788e-05
Qwen3 8B,wcb,125,6.475945e-07,0.99999934,1.22560755e-11,5.602901e-09
Qwen3 8B,wcb,126,9.232349e-09,0.9994472,1.16218146e-10,0.0005527789
Qwen3 8B,wcb,127,3.9277967e-07,0.9999824,1.6701411e-05,5.0434267e-07
Qwen3 8B,wcb,128,6.388353e-14,0.006692851,9.295009e-14,0.9933072
Qwen3 8B,wcb,129,7.484623e-05,0.99992514,3.3980134e-09,2.0634527e-16
Qwen3 8B,wcb,130,1.505963e-08,0.98881406,0.00020119236,0.010984735
Qwen3 8B,wcb,131,1.5968484e-09,0.0052201273,1.5654955e-11,0.9947799
Qwen3 8B,wcb,132,1.955566e-08,0.9999982,1.760343e-06,4.5993537e-10
Qwen3 8B,wcb,133,5.5799947e-09,0.004070139,2.5007779e-08,0.99592984
Qwen3 8B,wcb,134,9.236718e-09,0.99992025,2.1443704e-05,5.829005e-05
Qwen3 8B,wcb,135,0.046790082,0.9398044,0.01340558,8.633835e-16
Qwen3 8B,wcb,136,6.1441633e-06,0.9999916,2.2603103e-06,1.4932904e-10
Qwen3 8B,wcb,137,0.014060803,0.98573864,0.00020056657,6.686429e-15
Qwen3 8B,wcb,138,1.4902211e-10,0.8807971,1.16058385e-10,0.119202934
Qwen3 8B,wcb,139,0.9999985,1.0677201e-06,3.9278603e-07,1.75028e-13
Qwen3 8B,wcb,140,2.1724407e-10,1.0,2.5109982e-08,1.9556067e-08
Qwen3 8B,wcb,141,1.2015425e-13,0.9999999,2.1297833e-12,1.4449884e-07
Qwen3 8B,wcb,142,2.7894695e-10,1.0,2.5109982e-08,1.3406013e-15
Qwen3 8B,wcb,143,1.8795284e-12,7.991967e-11,4.111465e-15,1.0
Qwen3 8B,wcb,144,1.519208e-08,0.0024725832,1.6660131e-05,0.99751073
Qwen3 8B,wcb,145,0.00010868717,0.119190015,0.8807009,4.441872e-07
Qwen3 8B,wcb,146,0.99999964,3.0590405e-07,5.315783e-08,1.4640773e-12
Qwen3 8B,wcb,147,1.0,5.281783e-15,3.9008385e-14,2.40234e-19
Qwen3 8B,wcb,148,4.599012e-10,0.99998987,4.599012e-10,1.0130006e-05
Qwen3 8B,wcb,149,9.862879e-15,1.0,1.3615255e-13,1.5230073e-08
Qwen3 8B,wcb,150,6.8256035e-08,0.99999994,1.1861127e-08,9.736639e-10
