date,url
2019-12-12,https://www.ecb.europa.eu/press/press_conference/monetary-policy-statement/2019/html/ecb.is191212~c9e1a6ab3e.en.html
2020-01-23,https://www.ecb.europa.eu/press/press_conference/monetary-policy-statement/2020/html/ecb.is200123~0bc778277b.en.html
2020-03-12,https://www.ecb.europa.eu/press/press_conference/monetary-policy-statement/2020/html/ecb.is200312~f857a21b6c.en.html
2020-04-30,https://www.ecb.europa.eu/press/press_conference/monetary-policy-statement/2020/html/ecb.is200430~ab3058e07f.en.html
2020-06-04,https://www.ecb.europa.eu/press/press_conference/monetary-policy-statement/2020/html/ecb.is200604~b479b8cfff.en.html
2020-07-16,https://www.ecb.europa.eu/press/press_conference/monetary-policy-statement/2020/html/ecb.is200716~3865f74bf8.en.html
2020-09-10,https://www.ecb.europa.eu/press/press_conference/monetary-policy-statement/2020/html/ecb.is200910~5c43e3a591.en.html
2020-10-29,https://www.ecb.europa.eu/press/press_conference/monetary-policy-statement/2020/html/ecb.is201029~80b00b5789.en.html
2020-12-10,https://www.ecb.europa.eu/press/press_conference/monetary-policy-statement/2020/html/ecb.is201210~9b8e5f3cdd.en.html
2021-01-21,https://www.ecb.europa.eu/press/press_conference/monetary-policy-statement/2021/html/ecb.is210121~e601112a72.en.html
2021-03-11,https://www.ecb.europa.eu/press/press_conference/monetary-policy-statement/2021/html/ecb.is210311~d368d7151a.en.html
2021-04-22,https://www.ecb.europa.eu/press/press_conference/monetary-policy-statement/2021/html/ecb.is210422~b0ad2d3414.en.html
2021-06-10,https://www.ecb.europa.eu/press/press_conference/monetary-policy-statement/2021/html/ecb.is210610~115f4c0246.en.html
2021-07-22,https://www.ecb.europa.eu/press/press_conference/monetary-policy-statement/2021/html/ecb.is210722~13e7f5e795.en.html
2021-09-09,https://www.ecb.europa.eu/press/press_conference/monetary-policy-statement/2021/html/ecb.is210909~b2d882f724.en.html
2021-10-28,https://www.ecb.europa.eu/press/press_conference/monetary-policy-statement/2021/html/ecb.is211028~939f22970b.en.html
2021-12-16,https://www.ecb.europa.eu/press/press_conference/monetary-policy-statement/2021/html/ecb.is211216~9abaace28e.en.html
2022-02-03,https://www.ecb.europa.eu/press/press_conference/monetary-policy-statement/2022/html/ecb.is220203~ca7001dec0.en.html
2022-03-10,https://www.ecb.europa.eu/press/press_conference/monetary-policy-statement/2022/html/ecb.is220310~1bc8c1b1ca.en.html
2022-04-14,https://www.ecb.europa.eu/press/press_conference/monetary-policy-statement/2022/html/ecb.is220414~fa5c8fe142.en.html
2022-06-09,https://www.ecb.europa.eu/press/press_conference/monetary-policy-statement/2022/html/ecb.is220609~abe7c95b19.en.html
2022-07-21,https://www.ecb.europa.eu/press/press_conference/monetary-policy-statement/2022/html/ecb.is220721~51ef267c68.en.html
2022-09-08,https://www.ecb.europa.eu/press/press_conference/monetary-policy-statement/2022/html/ecb.is220908~cd8363c58e.en.html
2022-10-27,https://www.ecb.europa.eu/press/press_conference/monetary-policy-statement/2022/html/ecb.is221027~358a06a35f.en.html
2022-12-15,https://www.ecb.europa.eu/press/press_conference/monetary-policy-statement/2022/html/ecb.is221215~197ac630ae.en.html
2023-02-02,https://www.ecb.europa.eu/press/press_conference/monetary-policy-statement/2023/html/ecb.is230202~4313651089.en.html
2023-03-16,https://www.ecb.europa.eu/press/press_conference/monetary-policy-statement/2023/html/ecb.is230316~6c10b087b5.en.html
2023-05-04,https://www.ecb.europa.eu/press/press_conference/monetary-policy-statement/2023/html/ecb.is230504~f242392c72.en.html
2023-06-15,https://www.ecb.europa.eu/press/press_conference/monetary-policy-statement/2023/html/ecb.is230615~3de9d68335.en.html
2023-07-27,https://www.ecb.europa.eu/press/press_conference/monetary-policy-statement/2023/html/ecb.is230727~e0a11feb2e.en.html
2023-09-14,https://www.ecb.europa.eu/press/press_conference/monetary-policy-statement/2023/html/ecb.is230914~686786984a.en.html
2023-10-26,https://www.ecb.europa.eu/press/press_conference/monetary-policy-statement/2023/html/ecb.is231026~c23b4eb5f0.en.html
2023-12-14,https://www.ecb.europa.eu/press/press_conference/monetary-policy-statement/2023/html/ecb.is231214~df8627de60.en.html
2024-01-25,https://www.ecb.europa.eu/press/press_conference/monetary-policy-statement/2024/html/ecb.is240125~db0f145c32.en.html
2024-03-07,https://www.ecb.europa.eu/press/press_conference/monetary-policy-statement/2024/html/ecb.is240307~314650bd5c.en.html
2024-04-11,https://www.ecb.europa.eu/press/press_conference/monetary-policy-statement/2024/html/ecb.is240411~9974984b58.en.html
2024-06-06,https://www.ecb.europa.eu/press/press_conference/monetary-policy-statement/2024/html/ecb.is240606~d32cd6cc8a.en.html
2024-07-18,https://www.ecb.europa.eu/press/press_conference/monetary-policy-statement/2024/html/ecb.is240718~6600b4add6.en.html
2024-09-12,https://www.ecb.europa.eu/press/press_conference/monetary-policy-statement/2024/html/ecb.is240912~4f7b17040c.en.html
2024-10-17,https://www.ecb.europa.eu/press/press_conference/monetary-policy-statement/2024/html/ecb.is241017~59ad385bab.en.html
2024-12-12,https://www.ecb.europa.eu/press/press_conference/monetary-policy-statement/2024/html/ecb.is241212~ce143b3bc8.en.html
2025-01-30,https://www.ecb.europa.eu/press/press_conference/monetary-policy-statement/2025/html/ecb.is250130~1f418aa0f4.en.html
2025-03-06,https://www.ecb.europa.eu/press/press_conference/monetary-policy-statement/2025/html/ecb.is250306~4307bd0941.en.html
2025-04-17,https://www.ecb.europa.eu/press/press_conference/monetary-policy-statement/2025/html/ecb.is250417~091c625eb6.en.html
2025-06-05,https://www.ecb.europa.eu/press/press_conference/monetary-policy-statement/2025/html/ecb.is250605~f00a36ef2b.en.html
2025-07-24,https://www.ecb.europa.eu/press/press_conference/monetary-policy-statement/2025/html/ecb.is250724~a66e730494.en.html
2025-09-11,https://www.ecb.europa.eu/press/press_conference/monetary-policy-statement/2025/html/ecb.is250911~a13675b834.en.html
2025-10-30,https://www.ecb.europa.eu/press/press_conference/monetary-policy-statement/2025/html/ecb.is251030~4f74dde15e.en.html
2025-12-18,https://www.ecb.europa.eu/press/press_conference/monetary-policy-statement/2025/html/ecb.is251218~3a10402adb.en.html
2026-02-05,https://www.ecb.europa.eu/press/press_conference/monetary-policy-statement/2026/html/ecb.is260205~50858cb986.en.html
2026-03-19,https://www.ecb.europa.eu/press/press_conference/monetary-policy-statement/2026/html/ecb.is260319~93b1cbad97.en.html
2026-04-30,https://www.ecb.europa.eu/press/press_conference/monetary-policy-statement/2026/html/ecb.is260430~f99cb123a8.en.html
2026-06-11,https://www.ecb.europa.eu/press/press_conference/monetary-policy-statement/2026/html/ecb.is260611~372040d313.en.html
2026-07-23,https://www.ecb.europa.eu/press/press_conference/monetary-policy-statement/2026/html/ecb.is260723~b6fadd48f4.en.html
2026-09-10,https://www.ecb.europa.eu/press/press_conference/monetary-policy-statement/2026/html/ecb.is260910~6a45359cfc.en.html
