date,score,score_statement,score_qa,n_sentences,decision,percentile,url
2019-12-12,-0.05217381380498409,-0.05746139958500862,-0.046886228024959564,253,mantenimiento,20,https://www.ecb.europa.eu/press/press_conference/monetary-policy-statement/2019/html/ecb.is191212~c9e1a6ab3e.en.html
2020-01-23,-0.021202115574851632,-0.04710490256547928,0.004700671415776014,259,mantenimiento,27,https://www.ecb.europa.eu/press/press_conference/monetary-policy-statement/2020/html/ecb.is200123~0bc778277b.en.html
2020-03-12,-0.2146986424922943,-0.34866923093795776,-0.08072805404663086,173,mantenimiento,11,https://www.ecb.europa.eu/press/press_conference/monetary-policy-statement/2020/html/ecb.is200312~f857a21b6c.en.html
2020-04-30,-0.2779333367943764,-0.3850962817668915,-0.17077039182186127,244,mantenimiento,2,https://www.ecb.europa.eu/press/press_conference/monetary-policy-statement/2020/html/ecb.is200430~ab3058e07f.en.html
2020-06-04,-0.22888609021902084,-0.41457274556159973,-0.043199434876441956,225,mantenimiento,7,https://www.ecb.europa.eu/press/press_conference/monetary-policy-statement/2020/html/ecb.is200604~b479b8cfff.en.html
2020-07-16,-0.2148224674165249,-0.3096223771572113,-0.12002255767583847,239,mantenimiento,9,https://www.ecb.europa.eu/press/press_conference/monetary-policy-statement/2020/html/ecb.is200716~3865f74bf8.en.html
2020-09-10,-0.1827196627855301,-0.2736775279045105,-0.09176179766654968,212,mantenimiento,15,https://www.ecb.europa.eu/press/press_conference/monetary-policy-statement/2020/html/ecb.is200910~5c43e3a591.en.html
2020-10-29,-0.2320556789636612,-0.3108915388584137,-0.1532198190689087,251,mantenimiento,5,https://www.ecb.europa.eu/press/press_conference/monetary-policy-statement/2020/html/ecb.is201029~80b00b5789.en.html
2020-12-10,-0.26406147330999374,-0.35761594772338867,-0.17050699889659882,223,mantenimiento,4,https://www.ecb.europa.eu/press/press_conference/monetary-policy-statement/2020/html/ecb.is201210~9b8e5f3cdd.en.html
2021-01-21,-0.21468882262706757,-0.2677929401397705,-0.16158470511436462,211,mantenimiento,13,https://www.ecb.europa.eu/press/press_conference/monetary-policy-statement/2021/html/ecb.is210121~e601112a72.en.html
2021-03-11,-0.030672774650156498,-0.08774065226316452,0.026395102962851524,250,mantenimiento,24,https://www.ecb.europa.eu/press/press_conference/monetary-policy-statement/2021/html/ecb.is210311~d368d7151a.en.html
2021-04-22,-0.0636627096682787,-0.11765478551387787,-0.00967063382267952,233,mantenimiento,18,https://www.ecb.europa.eu/press/press_conference/monetary-policy-statement/2021/html/ecb.is210422~b0ad2d3414.en.html
2021-06-10,0.006401907652616501,-0.07274787127971649,0.0855516865849495,244,mantenimiento,35,https://www.ecb.europa.eu/press/press_conference/monetary-policy-statement/2021/html/ecb.is210610~115f4c0246.en.html
2021-07-22,-0.02904694527387619,-0.14435681700706482,0.08626292645931244,236,mantenimiento,25,https://www.ecb.europa.eu/press/press_conference/monetary-policy-statement/2021/html/ecb.is210722~13e7f5e795.en.html
2021-09-09,0.05554787628352642,0.044559162110090256,0.06653659045696259,230,mantenimiento,47,https://www.ecb.europa.eu/press/press_conference/monetary-policy-statement/2021/html/ecb.is210909~b2d882f724.en.html
2021-10-28,0.18409252911806107,0.23254376649856567,0.13564129173755646,227,mantenimiento,76,https://www.ecb.europa.eu/press/press_conference/monetary-policy-statement/2021/html/ecb.is211028~939f22970b.en.html
2021-12-16,-0.012618562206625938,-0.00256388820707798,-0.022673236206173897,255,mantenimiento,31,https://www.ecb.europa.eu/press/press_conference/monetary-policy-statement/2021/html/ecb.is211216~9abaace28e.en.html
2022-02-03,0.2208712175488472,0.24583254754543304,0.19590988755226135,220,mantenimiento,84,https://www.ecb.europa.eu/press/press_conference/monetary-policy-statement/2022/html/ecb.is220203~ca7001dec0.en.html
2022-03-10,0.180452361702919,0.20925955474376678,0.15164516866207123,213,mantenimiento,75,https://www.ecb.europa.eu/press/press_conference/monetary-policy-statement/2022/html/ecb.is220310~1bc8c1b1ca.en.html
2022-04-14,0.24473000317811966,0.3013639748096466,0.1880960315465927,211,mantenimiento,87,https://www.ecb.europa.eu/press/press_conference/monetary-policy-statement/2022/html/ecb.is220414~fa5c8fe142.en.html
2022-06-09,0.2861280292272568,0.3383600115776062,0.23389604687690735,223,mantenimiento,96,https://www.ecb.europa.eu/press/press_conference/monetary-policy-statement/2022/html/ecb.is220609~abe7c95b19.en.html
2022-07-21,0.21400416642427444,0.27922603487968445,0.14878229796886444,252,subida,80,https://www.ecb.europa.eu/press/press_conference/monetary-policy-statement/2022/html/ecb.is220721~51ef267c68.en.html
2022-09-08,0.32223935425281525,0.39210245013237,0.2523762583732605,246,subida,100,https://www.ecb.europa.eu/press/press_conference/monetary-policy-statement/2022/html/ecb.is220908~cd8363c58e.en.html
2022-10-27,0.2848106250166893,0.3824867606163025,0.1871344894170761,247,subida,95,https://www.ecb.europa.eu/press/press_conference/monetary-policy-statement/2022/html/ecb.is221027~358a06a35f.en.html
2022-12-15,0.2871003821492195,0.3383982479572296,0.2358025163412094,211,subida,98,https://www.ecb.europa.eu/press/press_conference/monetary-policy-statement/2022/html/ecb.is221215~197ac630ae.en.html
2023-02-02,0.25166552513837814,0.22112001478672028,0.282211035490036,218,subida,89,https://www.ecb.europa.eu/press/press_conference/monetary-policy-statement/2023/html/ecb.is230202~4313651089.en.html
2023-03-16,0.17867612093687057,0.29304075241088867,0.06431148946285248,211,subida,73,https://www.ecb.europa.eu/press/press_conference/monetary-policy-statement/2023/html/ecb.is230316~6c10b087b5.en.html
2023-05-04,0.25946949422359467,0.31778281927108765,0.20115616917610168,211,subida,93,https://www.ecb.europa.eu/press/press_conference/monetary-policy-statement/2023/html/ecb.is230504~f242392c72.en.html
2023-06-15,0.2445119246840477,0.31998687982559204,0.16903696954250336,231,subida,85,https://www.ecb.europa.eu/press/press_conference/monetary-policy-statement/2023/html/ecb.is230615~3de9d68335.en.html
2023-07-27,0.21538186818361282,0.2434958815574646,0.18726785480976105,259,subida,82,https://www.ecb.europa.eu/press/press_conference/monetary-policy-statement/2023/html/ecb.is230727~e0a11feb2e.en.html
2023-09-14,0.25453227013349533,0.35071390867233276,0.1583506315946579,250,subida,91,https://www.ecb.europa.eu/press/press_conference/monetary-policy-statement/2023/html/ecb.is230914~686786984a.en.html
2023-10-26,0.1004415713250637,0.0570659264922142,0.1438172161579132,195,mantenimiento,58,https://www.ecb.europa.eu/press/press_conference/monetary-policy-statement/2023/html/ecb.is231026~c23b4eb5f0.en.html
2023-12-14,0.15907948836684227,0.20638489723205566,0.11177407950162888,207,mantenimiento,71,https://www.ecb.europa.eu/press/press_conference/monetary-policy-statement/2023/html/ecb.is231214~df8627de60.en.html
2024-01-25,0.0918864868581295,0.14689239859580994,0.036880575120449066,222,mantenimiento,53,https://www.ecb.europa.eu/press/press_conference/monetary-policy-statement/2024/html/ecb.is240125~db0f145c32.en.html
2024-03-07,0.07177195325493813,0.07447364926338196,0.0690702572464943,222,mantenimiento,49,https://www.ecb.europa.eu/press/press_conference/monetary-policy-statement/2024/html/ecb.is240307~314650bd5c.en.html
2024-04-11,0.10597936436533928,0.09897138178348541,0.11298734694719315,182,mantenimiento,60,https://www.ecb.europa.eu/press/press_conference/monetary-policy-statement/2024/html/ecb.is240411~9974984b58.en.html
2024-06-06,0.1356779858469963,0.12988165020942688,0.14147432148456573,265,bajada,65,https://www.ecb.europa.eu/press/press_conference/monetary-policy-statement/2024/html/ecb.is240606~d32cd6cc8a.en.html
2024-07-18,0.1066659465432167,0.10890698432922363,0.10442490875720978,235,mantenimiento,62,https://www.ecb.europa.eu/press/press_conference/monetary-policy-statement/2024/html/ecb.is240718~6600b4add6.en.html
2024-09-12,0.05164353456348181,0.07888650894165039,0.024400560185313225,228,bajada,44,https://www.ecb.europa.eu/press/press_conference/monetary-policy-statement/2024/html/ecb.is240912~4f7b17040c.en.html
2024-10-17,0.053844481240957975,0.010663106106221676,0.09702585637569427,215,bajada,45,https://www.ecb.europa.eu/press/press_conference/monetary-policy-statement/2024/html/ecb.is241017~59ad385bab.en.html
2024-12-12,0.0721143870614469,-0.007874337024986744,0.15210311114788055,198,bajada,51,https://www.ecb.europa.eu/press/press_conference/monetary-policy-statement/2024/html/ecb.is241212~ce143b3bc8.en.html
2025-01-30,0.03737201169133186,0.021445326507091522,0.053298696875572205,216,bajada,42,https://www.ecb.europa.eu/press/press_conference/monetary-policy-statement/2025/html/ecb.is250130~1f418aa0f4.en.html
2025-03-06,-0.003298006020486355,-0.010668891482055187,0.004072879441082478,224,bajada,33,https://www.ecb.europa.eu/press/press_conference/monetary-policy-statement/2025/html/ecb.is250306~4307bd0941.en.html
2025-04-17,-0.09434273093938828,-0.14913514256477356,-0.03955031931400299,213,bajada,16,https://www.ecb.europa.eu/press/press_conference/monetary-policy-statement/2025/html/ecb.is250417~091c625eb6.en.html
2025-06-05,-0.016485115513205528,-0.07021022588014603,0.03723999485373497,228,bajada,29,https://www.ecb.europa.eu/press/press_conference/monetary-policy-statement/2025/html/ecb.is250605~f00a36ef2b.en.html
2025-07-24,-0.03908123460132629,-0.08164794743061066,0.003485478227958083,243,mantenimiento,22,https://www.ecb.europa.eu/press/press_conference/monetary-policy-statement/2025/html/ecb.is250724~a66e730494.en.html
2025-09-11,0.018938124179840088,0.006832906976342201,0.031043341383337975,256,mantenimiento,36,https://www.ecb.europa.eu/press/press_conference/monetary-policy-statement/2025/html/ecb.is250911~a13675b834.en.html
2025-10-30,0.036941055208444595,0.03006885200738907,0.04381325840950012,195,mantenimiento,40,https://www.ecb.europa.eu/press/press_conference/monetary-policy-statement/2025/html/ecb.is251030~4f74dde15e.en.html
2025-12-18,0.09933885931968689,0.11030187457799911,0.08837584406137466,190,mantenimiento,56,https://www.ecb.europa.eu/press/press_conference/monetary-policy-statement/2025/html/ecb.is251218~3a10402adb.en.html
2026-02-05,0.03152807513833977,0.06243889406323433,0.0006172562134452164,177,mantenimiento,38,https://www.ecb.europa.eu/press/press_conference/monetary-policy-statement/2026/html/ecb.is260205~50858cb986.en.html
2026-03-19,0.1321253441274166,0.20895910263061523,0.05529158562421799,199,mantenimiento,64,https://www.ecb.europa.eu/press/press_conference/monetary-policy-statement/2026/html/ecb.is260319~93b1cbad97.en.html
2026-04-30,0.15305516123771667,0.1831969916820526,0.12291333079338074,219,mantenimiento,67,https://www.ecb.europa.eu/press/press_conference/monetary-policy-statement/2026/html/ecb.is260430~f99cb123a8.en.html
2026-06-11,0.18959011137485504,0.15378117561340332,0.22539904713630676,196,subida,78,https://www.ecb.europa.eu/press/press_conference/monetary-policy-statement/2026/html/ecb.is260611~372040d313.en.html
2026-07-23,0.09605357237160206,0.1301504522562027,0.06195669248700142,187,mantenimiento,55,https://www.ecb.europa.eu/press/press_conference/monetary-policy-statement/2026/html/ecb.is260723~b6fadd48f4.en.html
2026-09-10,0.15698009356856346,0.20109155774116516,0.11286862939596176,253,subida,69,https://www.ecb.europa.eu/press/press_conference/monetary-policy-statement/2026/html/ecb.is260910~6a45359cfc.en.html
