id,date,sentence_id,section,role,speaker,text
1,2023-02-02,259,qa,answer,presidenta,"On the monetary policy decisions that we are making: as I said, we are riveted to staying the course, to move into restrictive territory sufficiently, and for long enough so that we are confident that we return inflation to 2%."
2,2023-10-26,121,qa,answer,presidenta,We have to take all these factors into account to see how possible higher costs of energy would actually affect both GDP and inflation.
3,2021-06-10,102,qa,answer,presidenta,"When we look at the Europe PMI manufacturing, it has stabilised at very elevated levels to be at 63.1 in May."
4,2025-01-30,118,qa,answer,presidenta,"But as it comes, we will be taking that into account."
5,2021-10-28,59,statement,statement,presidenta,"While inflation will take longer to decline than previously expected, we expect these factors to ease in the course of next year."
6,2022-06-09,223,qa,answer,presidenta,"There is probably more of the negative hand than the positive hand, but we have both."
7,2024-10-17,174,qa,answer,presidenta,"And the fact that we’ve managed to bring inflation down as we have so far, not to a complete victory, but to have brought it down so much is an indication that our monetary policy is actually working."
8,2026-04-30,119,qa,answer,presidenta,"So first of all, to remind you, the target is 2 per cent medium term, number one."
9,2020-09-10,169,qa,answer,presidenta,I have to say that I agree with your analysis of the changes that we are seeing.
10,2023-07-27,115,qa,answer,presidenta,"So, the balance sheet of the ECB is reducing as a result of that."
11,2021-10-28,80,qa,answer,presidenta,Those are the three key buckets that are causing inflation as we discussed it today and yesterday afternoon.
12,2023-09-14,35,statement,statement,presidenta,Its decline was interrupted because energy prices rose compared with July.
13,2025-07-24,198,qa,answer,presidenta,"And in that respect, we are very decisively focused on developing the digital euro and doing everything that we can to be on time and prepared to make this digital form of sovereign money available in the shortest possible time."
14,2021-01-21,62,statement,statement,presidenta,"To this end, continued support from national fiscal policies is warranted given weak demand from firms and households relating to the worsening of the pandemic and the intensification of containment measures."
15,2020-06-04,231,qa,answer,presidenta,"So, we have used, and we will continue to use, the PEPP to counter such risks of fragmentation."
16,2026-09-10,306,qa,answer,presidenta,"I would also mention that, as you probably know, we have entered a policy of reducing the size of our balance sheet, of letting bonds expire to maturity, and we are not buying bonds anymore, as a result of which our liquidity pool has moved from 4.7 trillion down to 2.1 trillion."
17,2024-12-12,192,qa,answer,presidenta,"And if you're interested in the conditions and the terms and the publication and the modalities, there's a great press release which is out there and which includes all of that."
18,2022-03-10,8,statement,statement,presidenta,"The impact of the Russia-Ukraine war has to be assessed in the context of solid underlying conditions for the euro area economy, helped by ample policy support."
19,2025-10-30,112,qa,answer,presidenta,"But what is a little bit different this time around is that our paragraph on risk assessment begins with indicating some of the risks which have faded or have been alleviated in the last few weeks, and the impact that it has had in particular."
20,2020-04-30,256,qa,answer,presidenta,I would like to actually tell you that those people who work in teams between various countries are also experiencing some tough times.
21,2025-06-05,131,qa,answer,presidenta,And that’s what explains these numbers.
22,2021-07-22,259,qa,answer,presidenta,We will look jointly at inflation and see what movement there is to be seen.
23,2026-04-30,236,qa,answer,presidenta,"We will tame inflation, so we will not find ourselves in that situation."
24,2023-02-02,9,statement,statement,presidenta,The Governing Council today also decided on the modalities for reducing the Eurosystem’s holdings of securities under the asset purchase programme (APP).
25,2022-12-15,120,qa,answer,presidenta,"Suffice to say that one of the considerations in the legal opinion that was issued has to do with the fact that there is a clear risk of pushing out of the derivative and clearing system, which functions as it does."
26,2025-12-18,190,qa,answer,presidenta,"Our ambition is to make sure that in the digital age, there is a currency that is the anchor of stability for the financial system."
27,2021-09-09,193,qa,answer,presidenta,"Now, when we determine our pace of purchases, we are attentive to the entire universe of bonds."
28,2021-12-16,58,statement,statement,presidenta,"An effective implementation of the Next Generation EU programme and the “Fit for 55” package will contribute to a stronger, greener and more even recovery across euro area countries."
29,2025-07-24,27,statement,statement,presidenta,"Annual inflation stood at 2.0 per cent in June, after 1.9 per cent in May."
30,2024-01-25,265,qa,answer,presidenta,"People can challenge PMI numbers and they do, but at least we are seeing numbers that are either to the upside or are stable."
31,2022-03-10,162,qa,answer,presidenta,"I will certainly support that and I was delighted to see that in the United States there was an executive order by President Biden to actually expect similar effort and focus and progress on CBDC, cryptos."
32,2019-12-12,279,qa,answer,presidenta,"So my guess is that as soon as Greece reaches those eligibility criteria, it will become eligible instantly to those programmes."
33,2022-02-03,123,qa,answer,presidenta,They use the models that they use – that many of you listening to me are also using.
34,2025-10-30,94,qa,answer,presidenta,"So this is a process, and the impact it will have on labour will probably take time."
35,2020-09-10,134,qa,answer,presidenta,"Now, your second question, which is a broad one, has to do with the strategy that has been developed with a bit of a lag time attributable to the pandemic by the Federal Reserve board."
36,2022-03-10,116,qa,answer,presidenta,"We have a baseline and we have two scenarios; one is adverse, one is severe, and you will have all the details of those scenarios tomorrow."
37,2021-01-21,79,qa,answer,presidenta,"It’s not completed and clearly the ratification process has to be completed for the own resources to be made available and to therefore permit the joint borrowing by the member states and then the RRP, the recovery and resilience plans have to be submitted in due course as well."
38,2023-05-04,210,qa,answer,presidenta,"There are other factors that will come into play, you know, clearly climate change is something that will have an impact probably on a sectoral basis, probably in relation to certain food items."
39,2023-06-15,228,qa,answer,presidenta,They have done their funding plans in order to respond to the situation.
40,2021-10-28,158,qa,answer,presidenta,"To properly settle it will be gradual, certain deliveries will come about earlier, but overall it will take a good chunk of '22 for it to be sorted out."
41,2021-03-11,144,qa,answer,presidenta,"That's when we started PEPP, so if it is necessary in order to respond with flexibility and to deliver on our commitment to preserve favourable financing conditions, the Governing Council can always meet."
42,2025-09-11,173,qa,answer,presidenta,"The surprise was to the upside, I can assure you."
43,2022-07-21,249,qa,answer,presidenta,"So on the stance front we had good reasons to revisit, and on the transmission we are confident that the existence of that instrument, its ability to be deployed, is actually reinforcing our capacity to deliver on our price stability mandate and to walk that journey of monetary policy normalisation."
44,2021-07-22,208,qa,answer,presidenta,It is not intended to keep interest rates low for longer.
45,2020-12-10,223,qa,answer,presidenta,Our job as central bank is to make sure that financing is available and can flow to banks that are doing their job of lending to the economy and financing economic agents.
46,2026-09-10,99,qa,answer,presidenta,And I can assure you that the entire discussions that we had today were focused on today's decision.
47,2022-04-14,83,qa,answer,presidenta,So we will deal with interest rates when we get there.
48,2023-06-15,167,qa,answer,presidenta,You asked me about the decision and the atmosphere.
49,2022-09-08,91,qa,answer,presidenta,"You were interested in the flavour of the Governing Council meeting; we had a very cordial, effective, deep discussion on all these matters and that certainly helped us on the basis of the proposals by staff and the recommendation by our chief economist Philip Lane, to actually go collectively in the direction of this 75 basis points hike."
50,2024-04-11,177,qa,answer,presidenta,So we look at how futures evolve as well.
51,2026-07-23,186,qa,answer,presidenta,"But taking a view on the likelihood of materialisation is another story, because of the uncertainty that we have."
52,2024-09-12,41,statement,statement,presidenta,"Energy prices fell at an annual rate of 3.0 per cent, after an increase of 1.2 per cent in the previous month."
53,2022-12-15,7,statement,statement,presidenta,"From the beginning of March 2023 onwards, the asset purchase programme (APP) portfolio will decline at a measured and predictable pace, as the Eurosystem will not reinvest all of the principal payments from maturing securities."
54,2025-04-17,137,qa,answer,presidenta,Your first question had to do with whether or not I quantify the current situation relative to the previous assessment of the situation.
55,2023-05-04,191,qa,answer,presidenta,"We had long discussions about core [inflation], and we actually had many more discussions on underlying inflation, because core is interesting, core is easy to communicate."
56,2023-07-27,21,statement,statement,presidenta,"Services remain more resilient, especially in contact-intensive subsectors such as tourism."
57,2022-04-14,12,statement,statement,presidenta,"In the current conditions of high uncertainty, we will maintain optionality, gradualism and flexibility in the conduct of monetary policy."
58,2020-06-04,242,qa,answer,presidenta,"Well, first of all, as you know we will publish next week our report on the international role of the euro, so it's with a little bit of pride that I would take the view that the euro has an international role."
59,2026-03-19,200,qa,answer,vicepresidente,"This is an indication of all the problems that I have indicated before and that I have seen before, and it’s a clear indication that there are liquidity mismatches in these kinds of funds."
60,2020-01-23,294,qa,answer,presidenta,"I'm aware of all that, but I'm also aware of the danger of doing nothing and I think that failing to try is already failing."
61,2020-06-04,221,qa,answer,presidenta,"Now we have record issuance to date, and what have we done from the total purchases that we've made?"
62,2020-07-16,25,statement,statement,presidenta,This applies first and foremost to our role in ensuring that our monetary policy is transmitted to all parts of the economy and to all jurisdictions in the pursuit of our price stability mandate.
63,2023-06-15,149,qa,answer,presidenta,"It's quite extraordinary because there have been more people employed, the average hours have been up, wages are increasing – we had 5.2% growth for the first quarter in the compensation per employee –, and the output is where it is: stagnant."
64,2019-12-12,176,qa,answer,presidenta,"On the other point that you made, to me it is critically important that a central bank be independent and that in all its operations, behaviours, its independence be respected and be valued."
65,2024-01-25,266,qa,answer,presidenta,"On your other question, as I said, we are looking at all sorts of data."
66,2024-12-12,222,qa,answer,presidenta,"You know, on your latter question, I’m off to Vilnius on Sunday night, and I will give a speech on those issues in particular, on Monday."
67,2024-06-06,234,qa,answer,presidenta,"Were we divided as far as the path ahead is concerned, we were all absolutely united to agree that our path would be data-dependent, that we would decide meeting by meeting and there was absolutely no dissent on that front."
68,2020-04-30,209,qa,answer,presidenta,This was also part of the multiple decisions that we made in March.
69,2022-04-14,154,qa,answer,presidenta,"We have to be cognisant of the fact that when there is a war, when there are major developments that are not predicted, that are not part of past patterns, it is incredibly difficult to actually integrate that into the models that help us offer projections to European colleagues."
70,2025-04-17,251,qa,answer,presidenta,"The two are intrinsically the outcome of the economy and the trade movements that we have with other parts of the world, so I look at both."
71,2024-01-25,163,qa,answer,presidenta,It is working but we need to be more advanced and we need to be further along in that process to be confident that inflation will be at target sustainably so.
72,2023-10-26,74,statement,statement,presidenta,We will continue to follow a data-dependent approach to determining the appropriate level and duration of restriction.
73,2021-06-10,54,statement,statement,presidenta,We expect underlying price pressures to increase somewhat this year owing to temporary supply constraints and the recovery in domestic demand.
74,2024-04-11,30,statement,statement,presidenta,"However, services price inflation remained high in March, at 4.0 per cent."
75,2023-06-15,75,statement,statement,presidenta,Our future decisions will ensure that the key ECB interest rates will be brought to levels sufficiently restrictive to achieve a timely return of inflation to our two per cent medium-term target and will be kept at those levels for as long as necessary.
76,2025-03-06,8,statement,statement,presidenta,Most measures of underlying inflation suggest that inflation will settle at around our two per cent medium-term target on a sustained basis.
77,2021-01-21,174,qa,answer,presidenta,"It has now been decided, it has been an extraordinary breakthrough for the Europeans at large, that there is this joint borrowing, but it needs to be rolled out promptly, and hopefully we will see the disbursement in the course of 2021 in order to support some of the commitments that are made and some of the identified investments that are proposed by the countries."
78,2021-12-16,108,qa,answer,presidenta,"Omicron is clearly in development and yet to be assessed in terms of economic impact, as well as impact on inflation, and I'll come back to that in a second."
79,2023-10-26,161,qa,answer,presidenta,I am not going to comment any further on who is better because I don’t want to comment on countries’ specific situations.
80,2026-04-30,27,statement,statement,presidenta,"Fiscal responses to the energy price shock should be temporary, targeted and tailored."
81,2022-10-27,199,qa,answer,presidenta,"We had assumed no substitution whatsoever, and we have seen in the last few weeks that, thanks to the effort of the Commission, of various member states, there is a phenomenon of substitutions."
82,2024-12-12,141,qa,answer,presidenta,"On your second question, I'm tempted to suggest that you put it to somebody else, because our focus is price stability."
83,2020-10-29,215,qa,answer,presidenta,"Clearly, what we expect is in the course of '21, probably the latter part of '21, a recovery that will begin picking up and resulting in demand being stimulated yet again, particularly if we continue to have fiscal and monetary policy supporting this recovery."
84,2025-01-30,26,statement,statement,presidenta,"Fiscal and structural policies should make the economy more productive, competitive and resilient."
85,2023-03-16,81,qa,answer,presidenta,"Second point: if our baseline was to persist when the uncertainty reduces, we know that we have a lot more ground to cover."
86,2020-10-29,172,qa,answer,presidenta,"So if we have to meet on short notice, we will do so."
87,2025-01-30,148,qa,answer,presidenta,"We conduct a corporate telephone survey, the result of which you will see tomorrow, because we publish tomorrow."
88,2023-03-16,51,statement,statement,presidenta,"Domestic factors, such as a persistent rise in inflation expectations above our target or higher than anticipated increases in wages and profit margins, could drive inflation higher, including over the medium term."
89,2023-09-14,117,qa,answer,presidenta,We moved from 0.9% to 0.7% in 2023 and more importantly we moved from 1.5% to 1.0% in 2024.
90,2024-10-17,106,qa,answer,presidenta,"We are in between two projection exercises, and clearly December will be another opportunity for us to run all the data and all the information through our models and to apply the three-pronged approach to our stance."
91,2026-03-19,168,qa,answer,presidenta,"That I can assure you, because I don’t think that there are many other central banks that have had the courage to try to cut off at 11 March and produce the set of data that we have had available."
92,2019-12-12,31,statement,statement,presidenta,"Measures of underlying inflation have remained generally muted, although there are some indications of a mild increase in line with previous expectations."
93,2020-03-12,17,statement,statement,presidenta,"Second, the Governing Council decided to apply considerably more favourable terms during the period from June 2020 to June 2021 to all TLTRO III operations outstanding during that same time."
94,2020-10-29,294,qa,answer,presidenta,"Looking at the US Presidential election, of course it is not for us to have a view on the political aspect of what is going to result from the democratic process, which will take place on the 3rd November, and the outcome of that."
95,2025-09-11,44,statement,statement,presidenta,"Geopolitical tensions, such as Russia’s unjustified war against Ukraine and the tragic conflict in the Middle East, remain a major source of uncertainty."
96,2023-12-14,199,qa,answer,presidenta,The projections that we have now are conditioned on the interest rate path that was embedded in market data before the cut-off date of 23rd November.
97,2022-07-21,232,qa,answer,presidenta,"As I said earlier on, we have the flexible reinvestment of PEPP, which has been deployed, and is currently operational."
98,2021-04-22,191,qa,answer,presidenta,Obviously I'm not going to give you any specific number concerning a particular quarter because that will be done when we publish our projection next June.
99,2021-03-11,221,qa,answer,presidenta,"I go back again to the introductory statement and will be happy to read it again, although you have it in front of you I'm sure: “The Governing Council expects purchases under the PEPP over the next quarter to be conducted at a significantly higher pace than during the first months of this year”."
100,2023-09-14,217,qa,answer,presidenta,So it is clearly a fact that transmission is effective and more so than in the past.
101,2021-09-09,264,qa,answer,presidenta,"So, a time will come, of course, when this fiscal support will have to be gradually withdrawn, and where the rules that the Europeans will give to themselves, once they have renegotiated the growth and stability pact, or whatever they call these, the terms under which they operate, that time will come."
102,2024-06-06,73,statement,statement,presidenta,"In particular, our interest rate decisions will be based on our assessment of the inflation outlook in light of the incoming economic and financial data, the dynamics of underlying inflation and the strength of monetary policy transmission."
103,2022-10-27,208,qa,answer,presidenta,"We still see very strong labour, and all the numbers, except the intention to hire, but other than that they are positive."
104,2020-03-12,180,qa,answer,presidenta,Let me come back a little bit to the risk channels as we see them.
105,2022-09-08,25,statement,statement,presidenta,"At the same time, businesses suffered from high energy costs and continued supply bottlenecks, although the latter have been gradually easing."
106,2023-07-27,234,qa,answer,presidenta,What we are focusing on is the inflation numbers.
107,2022-06-09,155,qa,answer,presidenta,So we take account of the change that has indeed taken place.
108,2024-01-25,54,statement,statement,presidenta,Our future decisions will ensure that our policy rates will be set at sufficiently restrictive levels for as long as necessary.
109,2021-04-22,14,statement,statement,presidenta,We will purchase flexibly according to market conditions and with a view to preventing a tightening of financing conditions that is inconsistent with countering the downward impact of the pandemic on the projected path of inflation.
110,2026-07-23,80,qa,answer,presidenta,"So, the analysis that we conducted, fed by staff work analysis, really looked into what has happened since June, and what policy decision should we make as a result."
111,2025-03-06,204,qa,answer,presidenta,"If you look, for instance, at wages, if you look at the labour markets; they are really moving in line with what we had expected."
112,2020-09-10,43,statement,statement,presidenta,"Moreover, in the near term price pressures will remain subdued owing to weak demand, lower wage pressures and the appreciation of the euro exchange rate, despite some upward price pressures related to supply constraints."
113,2023-05-04,0,statement,statement,presidenta,"Good afternoon, the Vice-President and I welcome you to our press conference."
114,2023-05-04,72,qa,answer,presidenta,So let me tell you a little bit about the mood in the room of the Governing Council.
115,2026-06-11,117,qa,answer,presidenta,"And if we were not taking that very obvious monetary policy decision, then at the end of the medium term, that we look out for for projection purposes, we would be north of our target."
116,2026-02-05,174,qa,answer,presidenta,"We’re still at 2.2% by the way, and I think that it’s following a path that we had anticipated and that we are pleased to see is taking us to target."
117,2020-06-04,45,statement,statement,presidenta,"While survey-based indicators of inflation expectations have declined over the short and medium term, longer-term expectations have been less affected."
118,2023-12-14,14,statement,statement,presidenta,We are determined to ensure that inflation returns to our two per cent medium-term target in a timely manner.
119,2022-07-21,246,qa,answer,presidenta,"And, added to that, which relates, essentially, to inflation, the euro/dollar rate that has fallen substantially in the last few weeks, which obviously has a bearing on inflation going forward."
120,2024-03-07,233,qa,answer,presidenta,"As to whether or not investors are reasonable or not, that’s not for me to say."
121,2022-10-27,290,qa,answer,presidenta,"Anything in excess of that, then, is invoiced at market rates."
122,2024-03-07,81,qa,answer,presidenta,"So, this is what we have determined during our discussion this morning."
123,2022-04-14,172,qa,answer,presidenta,Wages is clearly one that comes to mind.
124,2021-03-11,50,statement,statement,presidenta,"Euro area annual inflation increased sharply to 0.9 per cent in January and February 2021, up from -0.3 per cent in December."
125,2020-03-12,187,qa,answer,presidenta,"So if you look at the fiscal measures that have been announced for the moment in the euro area, which we have done yesterday, if you recap all that has been announced - not including the European Commission - you arrive at a total of about €27 billion, which is more or less a quarter of 1% of the GDP of the euro area."
126,2024-06-06,163,qa,answer,presidenta,It will be delivered by the data.
127,2025-09-11,77,qa,answer,presidenta,Because inflation is where we want it to be.
128,2025-03-06,154,qa,answer,presidenta,"This process is underway, and there are political debates that are vastly broadcasted around the fact that we should maybe move from freezing to seizing."
129,2022-12-15,211,qa,answer,presidenta,"We’re not pivoting, we’re not wavering."
130,2025-10-30,203,qa,answer,presidenta,"One is that there has been a slight tightening of the credit terms by the banks, which was unexpected, and that is in our view and on the basis of their response to our survey caused by the more attentive measurement of risk of their customers, particularly in the corporate sector."
131,2024-07-18,251,qa,answer,presidenta,So: it is not a strategy review.
132,2020-07-16,81,qa,answer,presidenta,"If there were those very significant upsides then we shall see, but this is not what is in the cards at the moment."
133,2024-09-12,128,qa,answer,presidenta,We are going to be data-dependent.
134,2020-04-30,139,qa,answer,presidenta,"Now, of course OMT remains part of the toolbox and we are not suggesting that we would eliminate OMT, but for the crisis we're going through at the moment, PEPP is clearly designed to that effect, added to which the triggering of OMT of course is a matter for the Governing Council to decide."
135,2025-06-05,6,statement,statement,presidenta,"Staff expect inflation excluding energy and food to average 2.4 per cent in 2025 and 1.9 per cent in 2026 and 2027, broadly unchanged since March."
136,2023-07-27,266,qa,answer,presidenta,"We know that some indicators are showing, particularly in goods, it’s pretty obvious, you look at producer prices, it’s pretty obvious."
137,2024-12-12,52,statement,statement,presidenta,"Moreover, profits should continue to partially offset the effects of higher labour costs on prices, especially in the near term."
138,2022-09-08,224,qa,answer,presidenta,You have at least a ballpark idea of how long it will take.
139,2022-10-27,20,statement,statement,presidenta,"Severe disruptions in the supply of gas have worsened the situation further, and both consumer and business confidence have fallen rapidly, which is also weighing on the economy."
140,2024-06-06,86,qa,answer,presidenta,"And I will take you back a little bit because this is, after all, the first time in many years that we make that kind of decision."
141,2024-04-11,156,qa,answer,presidenta,"Domestic inflation, which comprises a lot of services as well, is at 4.5% and has been there for the last three months, if I recall."
142,2020-12-10,222,qa,answer,presidenta,"On your second point, you know it is obviously for banks who are ultimately the lenders to assess and to manage risks and to take the appropriate provisions and to request the appropriate guarantees."
143,2024-10-17,65,statement,statement,presidenta,The Governing Council today decided to lower the three key ECB interest rates by 25 basis points.
144,2025-04-17,139,qa,answer,presidenta,"And let me be clear on that: when I say we are in the presence of a negative demand shock, some of the tariffs are already in place, and from an average tariff of less than 3%, we are now in the presence of around 13% in terms of customs duties on goods."
145,2025-10-30,31,statement,statement,presidenta,The Governing Council is committed to making retail and wholesale central bank money fit for the digital age.
146,2021-07-22,210,qa,answer,presidenta,It is intended to reach the target of 2%.
147,2024-07-18,267,qa,answer,presidenta,So this is the reality that we have and we have to deal with it.
148,2025-04-17,47,statement,statement,presidenta,"At the same time, an increase in defence and infrastructure spending would add to growth."
149,2023-09-14,221,qa,answer,presidenta,We are beginning to see some signs.
150,2023-12-14,197,qa,answer,presidenta,"We are probably going to look very carefully at the end of 2025, where I think we are at 2.1%, and we will arrive on a more sliding basis to that 2.1%."
151,2020-04-30,9,statement,statement,presidenta,"In particular, our measures are supporting liquidity conditions and helping to sustain the flow of credit to households and firms, especially small and medium-sized enterprises (SMEs), and to maintain favourable financing conditions for all sectors and jurisdictions."
152,2021-12-16,183,qa,answer,presidenta,"I think the eligibility criteria for purchases of public sector bonds under the PSPP are very well known, and it is very well known that in the current state of things we only purchase bonds with an investment-grade rating."
153,2026-07-23,44,statement,statement,presidenta,"This would weigh on real incomes, spending and investment."
154,2023-03-16,132,qa,answer,presidenta,So euro liquidity is perfectly addressed.
155,2025-12-18,159,qa,answer,presidenta,"If we look at compensation per employee, for instance, we are at 4%, which is more than had been anticipated in particular in the September projections."
156,2024-09-12,257,qa,answer,presidenta,And I think that we will be looking at that carefully when we produce our next growth and GDP numbers.
157,2026-02-05,116,qa,answer,presidenta,"You will have noted, because you are an avid reader of our monetary policy statement, that we no longer state in the monetary policy statement whether the risks are broadly balanced or tilted to the downside or tilted to the upside."
158,2026-02-05,39,statement,statement,presidenta,A renewed increase in uncertainty could weigh on demand.
159,2020-12-10,245,qa,answer,presidenta,"Equally, I believe that we have to look at our various portfolios, our own portfolios, our pension portfolio as well as our monetary policy portfolio to make sure that we assess risks properly."
160,2024-03-07,9,statement,statement,presidenta,"Thereafter, staff expect the economy to pick up and to grow at 1.5 per cent in 2025 and 1.6 per cent in 2026, supported initially by consumption and later also by investment."
161,2020-10-29,34,statement,statement,presidenta,"Moreover, economic developments continue to be uneven across sectors."
162,2022-03-10,199,qa,answer,presidenta,"Anyhow, we’ll have more than €5 trillion worth of assets that we will be reinvesting over the course of time."
163,2021-06-10,280,qa,answer,presidenta,That has spill-over effects or that has impacts - but are we at exactly the same point in the cycle?
164,2021-01-21,78,qa,answer,presidenta,"Third positive, the fact that European leaders have now reached complete agreement and removed the last hurdles to the Next Generation EU issuance at the EU level, and that really provides some certainty as to the fiscal stimulus that will be coming in the months and years to come."
165,2025-09-11,266,qa,answer,presidenta,"But there will be headwinds, and that is reflected in the slight adjustment that we made for 2026."
166,2025-12-18,127,qa,answer,presidenta,"I don't have any favourite candidate, and I did not say that Klaas Knot was the good candidate."
167,2021-04-22,192,qa,answer,presidenta,"Overall, what staff of the ECB are saying is that their projections are very much confirming – or rather the current economic situation and the outlook as we see it at the moment are confirming – the direction of the projections, as published in March."
168,2020-12-10,54,statement,statement,presidenta,"These projections foresee annual real GDP growth at -7.3 per cent in 2020, 3.9 per cent in 2021, 4.2 per cent in 2022 and 2.1 per cent in 2023."
169,2021-07-22,33,statement,statement,presidenta,"Ambitious, targeted and coordinated fiscal policy should continue to complement monetary policy in supporting the recovery."
170,2020-01-23,98,qa,answer,presidenta,"A lot of hard work is going to be put into the exercise, but I would not exclude, preclude or anticipate how we are going to deliver, because that's the point of our strategy review exercise; it's how we deliver."
171,2026-06-11,99,qa,answer,presidenta,"Thank you very much for your questions and thank you for greeting the three of us and particularly Boris, our new Vice-President."
172,2023-02-02,125,qa,answer,presidenta,"The occasion of this meeting was a very appropriate way to try to measure the effects and the consequences of our most recent monetary policy decisions, and it was so because we had the bank lending survey which really helps appreciate how banks themselves see the rates that they will be offering, depending on whether they offer financing to corporates or to households or for consumption purposes."
173,2022-02-03,41,statement,statement,presidenta,"By contrast, although uncertainties related to the pandemic have abated somewhat, geopolitical tensions have increased."
174,2024-07-18,222,qa,answer,presidenta,"As you have noted on the occasion of this monetary policy Governing Council, we decided to hold the three rates because of the reason that I've mentioned."
175,2020-07-16,229,qa,answer,presidenta,"Well, I would say that first of all, what we have done has actually worked – and a lot was actually done, if you look at the entire panoply of tools that we have used."
176,2025-07-24,260,qa,answer,presidenta,"So to argue that digital cash is a nuclear bomb, I think, is a little bit over the top."
177,2023-03-16,235,qa,answer,presidenta,"On your second question, we are beginning to see a good transmission of our monetary policy in the credit sector, as I have mentioned earlier on."
178,2025-03-06,253,qa,answer,presidenta,"We started working on the digital euro way back, actually when I started my term 5 1/2 years ago."
179,2026-04-30,244,qa,answer,presidenta,Certain governments did not pay attention to one of the Ts.
180,2020-03-12,165,qa,answer,presidenta,"We strongly believe that the asset purchase programme temporary large envelope with no monthly pre-determined allocation, which helps us actually focus on how the risks develop, is the most efficient tool that we can use under the present circumstances, and we shall use it."
181,2026-09-10,18,statement,statement,presidenta,"The economy proved resilient in the second quarter, despite headwinds from the energy shock."
182,2022-02-03,143,qa,answer,presidenta,"We are going to use all instruments, all optionalities in order to respond to the situation – but the situation has indeed changed."
183,2026-03-19,64,statement,statement,presidenta,"Additional frictions in international trade could disrupt supply chains, reduce exports and weaken consumption and investment."
184,2024-10-17,214,qa,answer,presidenta,"I was in the market in Ljubljana a couple of days ago to check on prices, because I come to Ljubljana on a regular basis if I can."
185,2026-07-23,209,qa,answer,presidenta,It's a matter that is essentially under the consideration of the European Council and the Commission.
186,2024-09-12,178,qa,answer,presidenta,"And in the same vein as it took prices up, it is helping to move prices down."
187,2020-01-23,302,qa,answer,presidenta,I don't think it is repressing views.
188,2025-12-18,53,statement,statement,presidenta,Inflation could turn out to be lower if the rise in US tariffs reduces demand for euro area exports and if countries with overcapacity increase their exports to the euro area.
189,2021-04-22,216,qa,answer,presidenta,"My hope as well is that there will be as many jobs, newly created, and that the ECB will contribute to such developments by delivering price stability as our mandate so requires."
190,2022-07-21,5,statement,statement,presidenta,This decision is based on our updated assessment of inflation risks and the reinforced support provided by the TPI for the effective transmission of monetary policy.
191,2019-12-12,298,qa,answer,presidenta,"If we had had the ESM in full place, including the collective action clause and the debt restructuring mechanism, if we had had that in place at the very early days in the Greek crisis, I think collectively we would've been much more capable of resolving the issue in a more expedited manner."
192,2024-04-11,108,qa,answer,presidenta,"Notably, the drivers of it were different, the fiscal response was different, the consumption by US consumers is of a different nature, investments were different, so I don't think that we can draw conclusions based on an assumption that the two inflations are the same."
193,2026-06-11,158,qa,answer,presidenta,"And in the face of that, frankly, given the numbers we have, given the inflation outlook, given the risk to the upside on inflation, given the robustness of the decision against and across all scenarios – the bad one, the very bad one and the not so bad one – and the fact that it holds in all circumstances, and if you add to that the fact that our growth forecast as revised is 0.8% – minus 0.1 percentage points relative to March – and 1.2% next year and 1.5% the following year, it’s not as if we are in an environment where growth is absent or under significant threat."
194,2025-06-05,146,qa,answer,presidenta,"The neutral rate is predicated on the absence of shock: great equilibrium, no shock."
195,2025-07-24,226,qa,answer,presidenta,"The volume has reduced over the course of time and it has reduced as a result of the reimbursement of TLTRO, which is now completed."
196,2022-12-15,142,qa,answer,presidenta,It will not be enough to hit and withdraw.
197,2024-07-18,47,statement,statement,presidenta,"Growth could be higher if inflation comes down more quickly than expected and rising confidence and real incomes mean that spending increases by more than anticipated, or if the world economy grows more strongly than expected."
198,2024-03-07,251,qa,answer,presidenta,So you have to get under the skin of that and determine what it is behind it and what drives it up: clearly it is wages.
199,2026-03-19,182,qa,answer,presidenta,"Granted, on core, we are 2.1% in 2028."
200,2020-01-23,52,statement,statement,presidenta,The Governing Council welcomes the ongoing work and urges further specific and decisive steps to complete the banking union and the capital markets union.
201,2026-06-11,46,statement,statement,presidenta,"However, it is becoming more expensive for firms to source other inputs and they therefore expect to put up their selling prices."
202,2023-10-26,148,qa,answer,presidenta,Let me turn to Greece first and remind you that we only have one active purchase programme that is operating at the moment and that is the reinvestments that we conduct under the PEPP.
203,2023-02-02,100,qa,answer,presidenta,Where there was discussion and not full agreement was on the way in which we communicate it.
204,2023-12-14,216,qa,answer,presidenta,"It was intended for the pandemic, it was an emergency programme."
205,2021-12-16,167,qa,answer,presidenta,"It's probably going to stabilise, but there is a level of uncertainty about it, for certain."
206,2021-09-09,263,qa,answer,presidenta,"That is under way, it will continue to be applied in the quarters and years to come, in consideration for delivery under the plans We hope that it will facilitate the recovery, and that it will reduce the risk of divergence between countries, and the risk of fragmentation in the recovery process."
207,2022-06-09,163,qa,answer,presidenta,"So, it's a cohesive work that is done, that is tedious, that is iterative and that really checks everything."
208,2021-03-11,154,qa,answer,presidenta,"Let me remind you once again that when we assess favourable financing conditions, we do it with a series of indicators that go from upstream to downstream."
209,2026-02-05,78,qa,answer,presidenta,"On the exchange rate, because I know that this is a question that has been on the mind of some, I just want to remind you – and this will not come as a surprise – that we do not target an exchange rate in terms of policy target, but we also recognise that it is important for both growth and the inflation outlook."
210,2020-09-10,149,qa,answer,presidenta,"Well, according to Eurostat's flash estimates, inflation decreased to -0.2% in August from 0.4% in July."
211,2022-09-08,146,qa,answer,presidenta,I don't think that you should expect much more.
212,2026-09-10,162,qa,answer,presidenta,"If you factor into that numbers released post cut-off date, it's actually more than 0.9%."
213,2022-06-09,12,statement,statement,presidenta,"Inflation excluding energy and food is projected to average 3.3 per cent in 2022, 2.8 per cent in 2023 and 2.3 per cent in 2024 – also above the March projections."
214,2025-06-05,186,qa,answer,presidenta,That's where we have to be and want to be.
215,2020-07-16,160,qa,answer,presidenta,"Second, moving forward, common schemes and European goods that would be the greening and the digitising of our economies."
216,2022-02-03,277,qa,answer,presidenta,"By the way, as I am finishing on that question, I think we should be a little bit cautious about what I am hearing a lot, which is constant comparisons between the US and the euro area, the Fed and the ECB."
217,2021-09-09,32,statement,statement,presidenta,"Compared with our June staff projections, the outlook has improved for 2021 and is broadly unchanged for 2022 and 2023."
218,2021-06-10,95,qa,answer,presidenta,"When we look at the service PMI, for instance, it is clearly now in expansionary territory."
219,2025-01-30,87,qa,answer,presidenta,We know the direction of travel.
220,2021-10-28,206,qa,answer,presidenta,"We've demonstrated it, and I'm sure that we can do so in the future."
