bm25,sentence-transformers/all-MiniLM-L6-v2,BAAI/bge-small-en-v1.5,BAAI/bge-large-en-v1.5,BAAI/bge-m3,date,qa_id
0,1,6,1,1,2019-12-12,1
8,4,1,2,2,2019-12-12,2
5,1,1,2,1,2019-12-12,3
8,0,5,10,0,2019-12-12,4
0,0,2,3,1,2019-12-12,5
4,0,0,3,0,2019-12-12,6
8,0,9,3,10,2019-12-12,7
0,1,3,3,2,2019-12-12,8
1,1,1,1,1,2019-12-12,9
1,1,1,1,1,2019-12-12,10
2,3,2,0,8,2020-01-23,1
4,9,1,6,0,2020-01-23,2
0,1,4,2,1,2020-01-23,3
7,10,8,3,0,2020-01-23,4
1,0,0,8,1,2020-01-23,5
8,0,10,10,3,2020-01-23,6
10,0,7,2,2,2020-01-23,7
6,10,1,3,1,2020-01-23,8
7,3,1,1,0,2020-01-23,9
0,4,3,3,0,2020-01-23,10
0,9,5,4,3,2020-01-23,11
9,0,5,4,8,2020-01-23,12
0,0,0,0,0,2020-03-12,1
0,0,0,0,0,2020-03-12,2
3,0,0,4,0,2020-03-12,3
0,0,0,0,1,2020-03-12,4
2,0,0,0,0,2020-03-12,5
0,0,0,6,0,2020-03-12,6
0,8,0,0,10,2020-03-12,7
6,0,10,5,0,2020-03-12,8
0,0,0,0,0,2020-03-12,9
0,0,0,0,4,2020-03-12,10
0,0,0,8,0,2020-03-12,11
1,0,0,0,4,2020-03-12,12
1,1,1,1,1,2020-03-12,13
0,0,0,0,0,2020-03-12,14
2,1,1,4,1,2020-04-30,1
6,0,0,4,0,2020-04-30,2
5,1,2,2,2,2020-04-30,3
5,1,1,3,2,2020-04-30,4
3,2,1,2,4,2020-04-30,5
0,0,0,0,0,2020-04-30,6
0,0,0,0,0,2020-04-30,7
4,0,4,2,3,2020-04-30,8
0,0,0,0,0,2020-04-30,9
3,3,8,0,10,2020-06-04,1
0,0,1,1,2,2020-06-04,2
0,4,0,0,0,2020-06-04,3
3,0,0,0,0,2020-06-04,4
0,0,0,0,3,2020-06-04,5
1,1,1,7,1,2020-06-04,6
0,0,0,0,5,2020-06-04,7
0,0,0,0,0,2020-06-04,8
1,0,0,0,1,2020-06-04,9
5,3,1,1,1,2020-06-04,10
1,0,0,0,1,2020-07-16,1
1,0,0,0,1,2020-07-16,2
1,3,6,0,0,2020-07-16,3
7,1,5,0,0,2020-07-16,4
9,7,7,3,1,2020-07-16,5
5,1,1,1,1,2020-07-16,6
2,0,0,5,1,2020-07-16,7
1,0,7,0,0,2020-07-16,8
1,1,1,1,1,2020-07-16,9
0,3,0,3,3,2020-09-10,1
0,5,2,3,5,2020-09-10,2
0,0,8,4,7,2020-09-10,3
0,3,1,1,1,2020-09-10,4
6,0,0,0,0,2020-09-10,5
5,0,0,0,0,2020-09-10,6
0,0,0,0,0,2020-09-10,7
0,0,0,0,0,2020-09-10,8
1,1,1,1,2,2020-09-10,9
0,0,0,0,0,2020-09-10,10
0,0,0,0,0,2020-10-29,1
0,8,0,0,0,2020-10-29,2
0,0,0,0,0,2020-10-29,3
0,3,1,0,3,2020-10-29,4
9,2,9,7,0,2020-10-29,5
0,0,0,0,0,2020-10-29,6
0,0,0,6,3,2020-10-29,7
0,0,6,2,1,2020-10-29,8
9,2,1,1,1,2020-10-29,9
2,0,0,6,6,2020-10-29,10
0,3,0,0,0,2020-10-29,11
0,3,0,1,1,2020-10-29,12
0,5,0,0,5,2020-12-10,1
0,0,0,0,0,2020-12-10,2
0,0,2,3,1,2020-12-10,3
0,5,0,1,7,2020-12-10,4
2,2,3,6,1,2020-12-10,5
0,0,0,0,0,2020-12-10,6
1,0,0,0,0,2020-12-10,7
1,2,4,2,1,2020-12-10,8
7,0,7,6,10,2021-01-21,1
0,3,5,0,1,2021-01-21,2
9,5,2,1,2,2021-01-21,3
2,1,5,1,1,2021-01-21,4
2,0,1,1,1,2021-01-21,5
4,1,1,2,1,2021-01-21,6
6,0,0,0,9,2021-01-21,7
0,0,0,0,0,2021-01-21,8
10,0,0,0,0,2021-03-11,1
7,3,0,2,6,2021-03-11,2
8,1,3,10,0,2021-03-11,3
0,0,0,0,0,2021-03-11,4
3,2,3,1,6,2021-03-11,5
0,0,0,0,0,2021-03-11,6
1,0,1,2,4,2021-03-11,7
0,1,0,0,2,2021-03-11,8
0,0,0,0,10,2021-04-22,1
0,0,8,7,8,2021-04-22,2
0,3,0,5,0,2021-04-22,3
1,0,8,10,0,2021-04-22,4
1,0,8,0,2,2021-04-22,5
3,1,3,0,2,2021-04-22,6
2,1,7,2,1,2021-04-22,7
2,1,1,1,1,2021-04-22,8
0,0,0,0,0,2021-04-22,9
0,2,1,2,3,2021-04-22,10
2,1,3,2,1,2021-04-22,11
0,0,0,0,0,2021-06-10,1
0,0,0,0,0,2021-06-10,2
0,0,0,0,1,2021-06-10,3
0,0,0,0,0,2021-06-10,4
1,8,4,1,1,2021-06-10,5
0,0,0,0,0,2021-06-10,6
6,0,1,2,1,2021-06-10,7
9,0,0,0,0,2021-06-10,8
0,0,0,2,5,2021-06-10,9
0,0,0,6,0,2021-06-10,10
0,0,0,0,0,2021-06-10,11
1,1,1,1,1,2021-07-22,1
9,0,0,0,0,2021-07-22,2
0,0,7,0,0,2021-07-22,3
0,4,0,3,3,2021-07-22,4
1,0,2,2,2,2021-07-22,5
0,0,0,0,0,2021-07-22,6
0,0,0,0,5,2021-07-22,7
3,1,1,1,1,2021-07-22,8
3,3,0,6,0,2021-07-22,9
1,10,1,1,1,2021-07-22,10
8,7,8,3,3,2021-07-22,11
1,0,2,1,3,2021-09-09,1
7,0,4,0,2,2021-09-09,2
0,0,0,0,1,2021-09-09,3
0,0,0,0,0,2021-09-09,4
0,0,0,0,0,2021-09-09,5
0,0,0,0,3,2021-09-09,6
0,0,0,0,7,2021-09-09,7
2,1,1,1,6,2021-09-09,8
0,1,1,8,1,2021-09-09,9
1,1,0,0,0,2021-09-09,10
1,0,2,1,1,2021-09-09,11
0,0,0,0,0,2021-09-09,12
0,0,6,3,8,2021-10-28,1
2,0,6,1,1,2021-10-28,2
0,0,1,0,0,2021-10-28,3
2,0,1,7,2,2021-10-28,4
0,1,1,1,1,2021-10-28,6
0,0,0,0,0,2021-10-28,7
4,0,0,0,0,2021-10-28,8
1,1,1,1,1,2021-10-28,9
0,2,1,1,4,2021-10-28,10
7,7,10,3,1,2021-10-28,11
0,0,0,0,0,2021-10-28,12
0,0,1,1,0,2021-10-28,13
0,10,1,1,1,2021-10-28,14
2,1,0,8,8,2021-12-16,1
0,0,0,0,0,2021-12-16,2
4,0,10,1,2,2021-12-16,3
1,8,0,0,2,2021-12-16,4
0,5,4,4,1,2021-12-16,5
0,0,0,0,2,2021-12-16,6
0,0,3,5,2,2021-12-16,7
0,9,1,1,1,2022-02-03,1
0,0,9,9,4,2022-02-03,2
3,0,1,1,0,2022-02-03,3
0,0,1,2,3,2022-02-03,4
4,0,3,3,0,2022-02-03,5
0,0,0,0,0,2022-02-03,6
0,0,8,0,0,2022-02-03,7
0,0,0,0,0,2022-02-03,8
0,0,0,0,0,2022-02-03,9
4,0,1,1,1,2022-02-03,10
2,5,1,3,1,2022-02-03,11
0,0,0,0,0,2022-02-03,12
0,3,4,5,5,2022-02-03,14
7,0,5,0,0,2022-03-10,1
5,3,1,1,1,2022-03-10,2
5,0,0,0,0,2022-03-10,3
0,0,0,9,0,2022-03-10,4
0,0,0,0,0,2022-03-10,5
1,1,4,1,9,2022-03-10,6
2,10,2,6,2,2022-03-10,7
1,1,1,1,1,2022-03-10,8
1,0,0,0,0,2022-04-14,1
5,0,0,0,0,2022-04-14,2
5,6,0,8,0,2022-04-14,3
0,0,3,2,7,2022-04-14,4
1,0,6,2,0,2022-04-14,5
0,0,0,0,0,2022-04-14,6
0,0,0,7,0,2022-04-14,7
1,1,1,4,1,2022-04-14,8
1,0,2,3,1,2022-04-14,9
0,0,7,9,10,2022-04-14,10
0,0,0,0,0,2022-06-09,1
0,9,4,0,5,2022-06-09,2
0,8,3,7,2,2022-06-09,3
0,8,2,9,2,2022-06-09,4
0,0,1,1,0,2022-06-09,5
0,0,0,0,4,2022-06-09,6
0,2,7,2,9,2022-06-09,7
0,0,10,0,1,2022-06-09,8
7,0,0,0,0,2022-06-09,9
0,2,2,1,2,2022-06-09,10
2,1,1,1,1,2022-06-09,11
0,0,0,1,0,2022-07-21,1
2,0,2,5,5,2022-07-21,2
0,0,0,0,0,2022-07-21,3
0,4,3,1,1,2022-07-21,4
0,0,0,0,0,2022-07-21,5
0,0,7,1,0,2022-07-21,6
0,0,0,2,0,2022-07-21,7
3,0,9,0,1,2022-07-21,8
0,0,0,0,0,2022-07-21,9
1,2,1,1,1,2022-07-21,10
0,0,0,0,0,2022-07-21,11
0,0,0,7,3,2022-07-21,12
8,0,1,1,2,2022-09-08,1
0,1,0,0,0,2022-09-08,2
0,0,0,0,0,2022-09-08,3
8,0,0,0,0,2022-09-08,4
7,4,4,4,10,2022-09-08,5
2,4,1,1,1,2022-09-08,6
0,0,0,0,0,2022-09-08,7
1,0,9,0,0,2022-09-08,8
2,2,1,1,1,2022-09-08,9
0,4,0,0,0,2022-09-08,10
7,0,0,0,0,2022-09-08,11
0,5,6,0,2,2022-09-08,12
0,0,0,0,0,2022-09-08,13
0,0,0,10,0,2022-10-27,1
0,5,4,4,10,2022-10-27,2
0,0,0,0,0,2022-10-27,3
0,0,0,0,0,2022-10-27,4
1,1,1,1,1,2022-10-27,5
2,6,4,2,0,2022-10-27,6
1,3,1,1,1,2022-10-27,7
0,0,0,0,0,2022-10-27,8
1,0,0,0,1,2022-10-27,9
0,0,0,4,5,2022-10-27,10
1,3,3,3,1,2022-12-15,1
0,0,0,0,0,2022-12-15,2
1,1,0,1,0,2022-12-15,3
0,0,0,0,0,2022-12-15,4
1,2,1,1,1,2022-12-15,5
9,0,4,1,10,2022-12-15,6
10,0,5,1,1,2022-12-15,7
1,1,1,1,2,2022-12-15,8
0,0,0,0,0,2022-12-15,9
9,1,1,1,1,2022-12-15,10
0,0,0,0,8,2022-12-15,11
10,0,7,5,9,2022-12-15,12
0,1,1,3,1,2023-02-02,1
4,3,1,1,6,2023-02-02,2
0,0,9,0,10,2023-02-02,3
0,0,0,0,0,2023-02-02,4
0,0,2,5,0,2023-02-02,5
0,5,0,5,3,2023-02-02,6
0,0,1,0,4,2023-02-02,8
0,0,0,0,0,2023-02-02,9
0,0,0,0,0,2023-02-02,10
0,0,0,0,4,2023-02-02,11
0,1,0,0,1,2023-02-02,12
8,0,5,0,0,2023-03-16,1
0,0,0,0,0,2023-03-16,2
0,1,1,1,1,2023-03-16,3
4,0,0,3,0,2023-03-16,4
3,2,5,1,2,2023-03-16,5
5,0,1,2,4,2023-03-16,6
2,8,2,2,4,2023-03-16,7
0,4,3,0,0,2023-03-16,8
1,0,1,1,4,2023-03-16,9
0,0,0,0,0,2023-03-16,10
0,0,0,0,0,2023-03-16,11
6,6,0,9,0,2023-05-04,1
0,2,9,6,0,2023-05-04,2
0,1,1,1,1,2023-05-04,3
3,1,1,1,1,2023-05-04,4
1,1,1,1,2,2023-05-04,5
1,3,8,5,4,2023-05-04,6
5,1,1,0,5,2023-05-04,7
0,0,0,0,0,2023-05-04,8
1,1,2,1,1,2023-05-04,9
0,1,1,1,1,2023-05-04,10
1,10,2,1,2,2023-05-04,11
8,2,1,2,1,2023-06-15,1
0,1,1,5,9,2023-06-15,2
10,0,6,7,0,2023-06-15,3
0,2,2,3,4,2023-06-15,4
0,0,9,10,0,2023-06-15,5
4,1,2,1,1,2023-06-15,6
0,0,0,0,1,2023-06-15,7
0,5,0,0,0,2023-06-15,8
0,0,0,0,0,2023-06-15,9
0,2,2,2,2,2023-06-15,10
0,0,0,0,0,2023-06-15,11
3,3,5,0,1,2023-07-27,1
5,0,0,0,0,2023-07-27,2
0,3,3,0,0,2023-07-27,3
3,3,4,4,7,2023-07-27,4
0,0,0,0,0,2023-07-27,5
0,0,2,1,0,2023-07-27,7
0,0,0,0,0,2023-07-27,8
2,2,2,2,0,2023-07-27,9
3,0,0,0,0,2023-07-27,10
0,0,0,0,4,2023-07-27,11
0,2,6,0,0,2023-07-27,13
2,0,0,0,0,2023-09-14,1
1,1,1,1,1,2023-09-14,2
0,0,1,1,1,2023-09-14,3
1,1,1,1,1,2023-09-14,4
3,3,2,2,1,2023-09-14,5
8,1,1,1,1,2023-09-14,6
3,3,2,2,2,2023-09-14,7
0,4,1,1,1,2023-09-14,8
0,5,2,8,1,2023-09-14,9
1,4,2,6,1,2023-09-14,10
9,0,0,0,0,2023-09-14,11
0,6,0,2,0,2023-10-26,1
10,1,1,7,0,2023-10-26,2
6,1,3,4,3,2023-10-26,3
1,0,0,8,3,2023-10-26,4
0,7,6,0,0,2023-10-26,5
0,0,0,0,0,2023-10-26,6
0,0,0,0,0,2023-10-26,7
2,1,1,1,1,2023-10-26,8
0,0,5,1,2,2023-10-26,9
1,2,1,1,2,2023-10-26,10
0,0,1,0,0,2023-10-26,11
0,0,0,6,0,2023-12-14,1
2,3,1,1,0,2023-12-14,2
3,0,0,0,0,2023-12-14,3
1,0,1,0,3,2023-12-14,4
0,3,7,0,0,2023-12-14,5
0,3,3,0,0,2023-12-14,6
3,0,0,2,0,2024-01-25,1
0,0,0,0,0,2024-01-25,2
7,1,2,4,1,2024-01-25,3
0,1,1,1,1,2024-01-25,4
0,0,0,1,2,2024-01-25,5
2,0,10,0,0,2024-01-25,6
0,0,0,0,0,2024-01-25,7
0,0,0,1,0,2024-01-25,8
0,0,0,0,0,2024-01-25,9
0,0,0,5,0,2024-01-25,10
0,0,0,0,0,2024-03-07,1
0,0,0,0,8,2024-03-07,2
0,0,0,10,0,2024-03-07,3
0,1,1,3,1,2024-03-07,4
0,1,1,1,3,2024-03-07,6
1,5,1,1,1,2024-03-07,7
5,0,0,1,1,2024-03-07,8
0,4,1,1,4,2024-03-07,9
1,0,0,6,0,2024-03-07,10
0,1,1,1,1,2024-03-07,11
0,0,0,0,0,2024-03-07,12
3,3,4,2,4,2024-04-11,1
0,0,0,0,0,2024-04-11,2
2,0,0,5,0,2024-04-11,3
0,0,0,0,0,2024-04-11,4
1,1,1,1,1,2024-04-11,5
0,0,0,0,0,2024-04-11,6
1,1,1,2,1,2024-04-11,7
1,1,0,4,1,2024-04-11,8
0,0,0,0,2,2024-04-11,9
0,0,0,0,1,2024-06-06,1
0,0,6,0,4,2024-06-06,2
1,1,1,1,1,2024-06-06,3
0,8,9,0,9,2024-06-06,4
8,0,4,0,6,2024-06-06,5
0,0,0,0,0,2024-06-06,6
0,0,0,0,0,2024-06-06,7
0,0,0,0,0,2024-06-06,8
0,0,2,3,2,2024-06-06,9
1,0,0,4,1,2024-06-06,10
0,0,0,0,0,2024-07-18,1
0,0,0,3,9,2024-07-18,2
0,0,0,0,0,2024-07-18,3
1,1,4,2,2,2024-07-18,4
0,0,2,1,1,2024-07-18,5
0,0,10,0,1,2024-07-18,6
0,1,0,0,1,2024-07-18,7
1,0,3,4,1,2024-07-18,8
7,2,2,1,0,2024-07-18,9
0,7,6,2,0,2024-09-12,1
5,3,1,1,3,2024-09-12,2
1,0,6,9,2,2024-09-12,3
2,0,0,0,0,2024-09-12,4
7,0,6,10,2,2024-09-12,5
0,1,1,3,1,2024-09-12,6
0,0,0,0,0,2024-09-12,7
0,0,0,7,0,2024-09-12,8
0,0,0,0,0,2024-10-17,1
0,10,1,2,6,2024-10-17,2
0,0,0,0,0,2024-10-17,3
4,7,1,2,0,2024-10-17,4
2,0,4,0,2,2024-10-17,5
0,4,0,0,0,2024-10-17,6
0,0,2,3,8,2024-10-17,7
1,1,1,1,1,2024-10-17,8
8,0,1,1,3,2024-10-17,9
2,1,1,1,1,2024-10-17,10
2,1,0,7,1,2024-10-17,11
9,0,0,5,0,2024-12-12,1
0,3,0,0,0,2024-12-12,2
0,10,10,0,0,2024-12-12,3
0,5,8,0,5,2024-12-12,4
3,10,1,4,1,2024-12-12,5
0,0,6,0,9,2024-12-12,6
3,0,0,0,0,2024-12-12,7
2,0,8,3,1,2024-12-12,8
0,0,0,1,0,2024-12-12,9
0,0,0,0,0,2024-12-12,10
0,3,1,1,2,2024-12-12,11
0,0,0,0,0,2025-01-30,1
7,1,2,1,1,2025-01-30,2
0,0,0,5,1,2025-01-30,3
1,9,2,2,0,2025-01-30,4
8,1,1,1,1,2025-01-30,5
2,0,2,4,3,2025-01-30,6
1,2,1,1,1,2025-01-30,7
1,1,1,1,1,2025-01-30,8
1,4,1,9,2,2025-03-06,1
1,0,0,5,0,2025-03-06,2
3,0,0,1,1,2025-03-06,3
0,0,0,0,0,2025-03-06,4
0,2,3,0,0,2025-03-06,5
1,0,0,2,1,2025-03-06,6
0,0,0,0,10,2025-03-06,7
0,5,1,4,1,2025-03-06,8
6,1,1,4,1,2025-04-17,1
0,1,1,1,5,2025-04-17,2
1,2,0,1,9,2025-04-17,3
0,0,0,0,0,2025-04-17,4
0,0,0,0,0,2025-04-17,5
0,0,0,0,0,2025-04-17,6
1,5,3,2,1,2025-04-17,7
0,0,0,0,0,2025-04-17,8
0,0,2,0,2,2025-06-05,1
0,0,0,6,0,2025-06-05,2
2,0,0,4,4,2025-06-05,3
0,0,0,0,0,2025-06-05,4
3,3,3,3,2,2025-06-05,5
0,3,1,1,0,2025-06-05,6
8,2,1,5,1,2025-06-05,7
1,0,1,5,1,2025-06-05,8
0,0,0,0,0,2025-06-05,9
0,3,6,0,0,2025-06-05,10
3,0,0,0,0,2025-07-24,1
0,0,0,0,0,2025-07-24,2
4,1,2,1,1,2025-07-24,3
1,1,1,5,1,2025-07-24,4
0,0,0,6,0,2025-07-24,5
0,0,0,0,5,2025-07-24,6
1,0,1,1,1,2025-07-24,7
0,0,0,0,0,2025-07-24,8
8,0,2,0,1,2025-09-11,1
0,4,0,3,3,2025-09-11,2
0,0,0,0,0,2025-09-11,3
0,0,0,0,0,2025-09-11,4
3,2,2,1,2,2025-09-11,5
2,6,4,3,2,2025-09-11,6
0,0,5,3,4,2025-09-11,7
4,0,2,4,7,2025-09-11,8
0,0,0,0,0,2025-09-11,9
0,0,0,0,0,2025-10-30,1
0,0,0,10,3,2025-10-30,2
2,4,0,6,1,2025-10-30,3
1,1,1,5,2,2025-10-30,4
0,0,0,0,9,2025-10-30,5
0,1,0,0,4,2025-10-30,6
0,0,0,0,0,2025-10-30,7
4,6,5,0,9,2025-10-30,8
0,0,0,1,2,2025-12-18,1
10,0,0,0,2,2025-12-18,2
0,0,0,0,0,2025-12-18,3
0,7,1,1,1,2025-12-18,4
0,9,0,0,0,2025-12-18,5
0,0,0,5,8,2025-12-18,6
1,0,2,9,0,2025-12-18,7
1,6,4,0,6,2025-12-18,8
0,0,8,3,7,2025-12-18,9
1,0,0,2,0,2026-02-05,1
2,2,1,1,2,2026-02-05,2
2,5,9,1,2,2026-02-05,3
1,0,0,3,1,2026-02-05,4
0,0,1,3,0,2026-02-05,5
2,0,1,7,4,2026-02-05,7
0,6,1,0,0,2026-03-19,1
0,0,0,0,0,2026-03-19,2
1,0,0,0,0,2026-03-19,3
3,3,1,1,3,2026-03-19,4
0,0,0,0,0,2026-03-19,5
1,0,0,0,0,2026-04-30,1
0,0,1,1,0,2026-04-30,2
1,3,1,1,3,2026-04-30,3
2,3,1,1,1,2026-04-30,4
0,0,0,0,0,2026-04-30,5
0,0,0,0,0,2026-04-30,6
7,1,1,3,1,2026-04-30,7
6,1,1,1,1,2026-04-30,8
0,1,1,1,3,2026-04-30,9
0,1,1,1,0,2026-06-11,1
4,3,7,4,1,2026-06-11,2
1,1,2,1,0,2026-06-11,3
0,0,6,1,4,2026-06-11,4
2,2,2,1,2,2026-06-11,5
1,1,4,2,4,2026-06-11,6
0,0,0,0,0,2026-06-11,7
0,0,5,1,8,2026-06-11,8
0,0,0,0,0,2026-06-11,9
0,0,0,0,0,2026-07-23,1
0,1,1,4,1,2026-07-23,2
0,0,0,5,8,2026-07-23,3
0,0,2,10,0,2026-07-23,4
0,2,0,2,0,2026-07-23,6
0,3,4,1,1,2026-07-23,7
0,2,1,2,1,2026-07-23,8
1,1,1,1,1,2026-07-23,9
1,3,1,2,1,2026-07-23,10
0,0,0,0,0,2026-09-10,1
0,0,0,0,0,2026-09-10,2
0,0,0,0,0,2026-09-10,3
0,0,0,0,1,2026-09-10,4
0,2,6,1,5,2026-09-10,5
0,0,1,1,10,2026-09-10,6
0,3,9,0,0,2026-09-10,7
6,0,0,0,0,2026-09-10,8
0,0,0,5,3,2026-09-10,9
0,0,0,0,0,2026-09-10,11
