start,end,sentence_id,paragraph_id,speaker,section,text,label,p_hawkish,p_neutral,p_dovish,score,relevant,weight
,,0,0,presidenta,statement,"Good afternoon, the Vice-President and I welcome you to our press conference.",neutral,1.6802586e-17,1.0,2.2740105e-18,1.4528575e-17,False,0.0
,,1,1,presidenta,statement,The Governing Council today decided to keep the three key ECB interest rates unchanged.,neutral,1.0060395e-12,1.0,8.704015e-15,9.973356e-13,True,1.0
,,2,1,presidenta,statement,We are determined to ensure that inflation stabilises at our two per cent target in the medium term.,hawkish,0.99751955,0.0024726056,7.86976e-06,0.9975117,True,1.0
,,3,1,presidenta,statement,"The war in the Middle East has made the outlook significantly more uncertain, creating upside risks for inflation and downside risks for economic growth.",neutral,0.001501182,0.9984988,2.6426001e-09,0.0015011793,True,1.0
,,4,1,presidenta,statement,It will have a material impact on near-term inflation through higher energy prices.,hawkish,1.0,1.693521e-10,2.9400767e-11,1.0,True,1.0
,,5,1,presidenta,statement,Its medium-term implications will depend both on the intensity and duration of the conflict and on how energy prices affect consumer prices and the economy.,neutral,2.0611475e-09,1.0,2.5946025e-11,2.0352013e-09,True,0.9999971
,,6,2,presidenta,statement,We are well positioned to navigate this uncertainty.,neutral,4.4202265e-14,1.0,4.4202275e-14,-1.0164395e-20,True,1.0
,,7,2,presidenta,statement,"Inflation has been at around our two per cent target, longer-term inflation expectations are well anchored, and the economy has shown resilience over recent quarters.",neutral,2.510998e-08,0.99999994,2.510998e-08,0.0,True,1.0
,,8,2,presidenta,statement,The incoming information in the period ahead will help us assess how the war will affect the inflation outlook and the risks surrounding it.,neutral,1.2501363e-09,1.0,9.544909e-12,1.2405914e-09,True,0.999987
,,9,2,presidenta,statement,"We are closely monitoring the situation, and our data-dependent approach will help us set monetary policy as appropriate.",neutral,1.5428135e-13,1.0,2.882354e-13,-1.3395405e-13,True,1.0
,,10,3,presidenta,statement,"The new ECB staff projections exceptionally incorporate information up to 11 March, a later cut-off date than usual.",neutral,3.900836e-14,1.0,3.9008425e-14,-6.4374504e-20,True,0.99999934
,,11,3,presidenta,statement,"In the baseline, headline inflation is seen to average 2.6 per cent in 2026, 2.0 per cent in 2027 and 2.1 per cent in 2028.",neutral,1.0129998e-05,0.99998987,1.6052115e-09,1.0128393e-05,True,1.0
,,12,3,presidenta,statement,"Inflation has been revised up compared with the December projections, especially for 2026.",hawkish,0.999987,1.3007175e-05,1.9555443e-08,0.999987,True,1.0
,,13,3,presidenta,statement,This is because energy prices will be higher owing to the war in the Middle East.,hawkish,0.999996,3.970023e-06,1.955562e-08,0.999996,True,0.9999971
,,14,3,presidenta,statement,"For inflation excluding energy and food, staff project an average of 2.3 per cent in 2026, 2.2 per cent in 2027 and 2.1 per cent in 2028.",neutral,2.5109982e-08,1.0,4.8473676e-11,2.5061508e-08,True,1.0
,,15,3,presidenta,statement,"This is also higher than the path in the December projections, mainly owing to higher energy prices feeding into inflation excluding energy and food.",hawkish,1.0,5.6029714e-09,2.1724407e-10,1.0,True,1.0
,,16,3,presidenta,statement,"Staff expect economic growth to average 0.9 per cent in 2026, 1.3 per cent in 2027 and 1.4 per cent in 2028.",neutral,5.1090902e-12,1.0,4.8473676e-11,-4.3364586e-11,True,1.0
,,17,3,presidenta,statement,"This implies a downward revision, especially for 2026, reflecting the global effects of the war on commodity markets, real incomes and confidence.",dovish,0.0073682587,0.14097692,0.8516548,-0.84428656,True,0.9742822
,,18,3,presidenta,statement,"At the same time, low unemployment, solid private sector balance sheets, and public spending on defence and infrastructure should continue to underpin growth.",neutral,3.2241534e-08,0.99998987,1.0129998e-05,-1.0097757e-05,True,1.0
,,19,4,presidenta,statement,"In line with our monetary policy strategy commitment to incorporate risks and uncertainty into our decision-making, staff also assessed how the war in the Middle East could affect economic growth and inflation under some alternative illustrative scenarios.",neutral,2.1297835e-12,1.0,2.882354e-13,1.8415482e-12,True,1.0
,,20,4,presidenta,statement,These scenarios will be published with the staff projections on our website.,neutral,2.5387646e-13,1.0,9.3396096e-14,1.6048035e-13,True,0.7772999
,,21,4,presidenta,statement,"The scenario analysis suggests that a prolonged disruption in the supply of oil and gas would result in inflation being above, and growth being below, the baseline projections.",hawkish,0.9999785,2.144535e-05,8.7640615e-08,0.9999784,True,1.0
,,22,4,presidenta,statement,The implications for medium-term inflation depend crucially on the magnitude of indirect and second-round effects of a stronger and more persistent energy shock.,neutral,1.1861128e-08,1.0,3.51142e-12,1.1857616e-08,True,1.0
,,23,5,presidenta,statement,We will follow a data-dependent and meeting-by-meeting approach to determining the appropriate monetary policy stance.,neutral,1.06035826e-13,1.0,1.3615255e-13,-3.0116724e-14,True,1.0
,,24,5,presidenta,statement,"In particular, our interest rate decisions will be based on our assessment of the inflation outlook and the risks surrounding it, in light of the incoming economic and financial data, as well as the dynamics of underlying inflation and the strength of monetary policy transmission.",neutral,2.2447762e-13,1.0,5.675692e-14,1.6772071e-13,True,1.0
,,25,5,presidenta,statement,We are not pre-committing to a particular rate path.,neutral,2.7894695e-10,1.0,2.1724407e-10,6.170288e-11,True,1.0
,,26,6,presidenta,statement,The decisions taken today are set out in a press release available on our website.,neutral,5.008779e-14,1.0,5.5642844e-16,4.953136e-14,False,8.34465e-07
,,27,7,presidenta,statement,I will now outline in more detail how we see the economy and inflation developing and will then explain our assessment of financial and monetary conditions.,neutral,1.3347944e-15,1.0,6.7786463e-15,-5.443852e-15,True,1.0
,,28,8,presidenta,statement,"The economy grew by 0.2 per cent in the fourth quarter of 2025, driven by stronger domestic demand.",neutral,4.2777896e-11,1.0,1.0261894e-10,-5.984105e-11,True,1.0
,,29,8,presidenta,statement,Households increased their spending as real incomes rose and unemployment remained close to its historical low.,neutral,1.2501427e-09,1.0,9.237382e-09,-7.987239e-09,True,0.99999213
,,30,8,presidenta,statement,"Construction and housing renovation strengthened, and firms invested more, particularly in areas such as research and development, software and databases.",neutral,5.3157837e-08,0.9999999,4.139936e-08,1.1758477e-08,True,0.9999999
,,31,8,presidenta,statement,Growth was no longer weighed down by net exports as it had been in the previous two quarters.,neutral,1.249826e-09,1.0,1.249826e-09,0.0,True,0.9997388
,,32,8,presidenta,statement,It was underpinned mainly by services.,neutral,4.751446e-13,1.0,8.8768673e-13,-4.1254213e-13,True,0.9998416
,,33,9,presidenta,statement,Staff still see private consumption as the main driver of growth over the medium term.,neutral,8.878273e-13,1.0,1.1399922e-12,-2.5216488e-13,True,1.0
,,34,9,presidenta,statement,"Investment should also continue to grow, with governments spending more on defence and infrastructure, and firms increasingly investing in new digital technologies.",neutral,4.5986168e-10,1.0,3.5814063e-10,1.0172105e-10,False,9.608269e-05
,,35,9,presidenta,statement,"The external environment remains challenging, including in light of volatile global trade policies.",neutral,1.7832439e-11,1.0,7.4336795e-12,1.0398759e-11,True,0.9999986
,,36,10,presidenta,statement,The war in the Middle East is disrupting commodity markets and weighing on real incomes and confidence.,neutral,6.2241455e-11,1.0,2.8823512e-13,6.195322e-11,False,1.0728836e-06
,,37,10,presidenta,statement,"This has led to a downward revision of consumption and investment in the baseline staff projections, especially for 2026.",neutral,1.12534764e-07,0.9999962,3.7266398e-06,-3.614105e-06,True,0.99999994
,,38,10,presidenta,statement,The impact would be even more pronounced in alternative scenarios with a more severe and prolonged energy shock.,hawkish,0.99908215,0.0009171879,6.4700055e-07,0.9990815,True,0.99999386
,,39,11,presidenta,statement,The Governing Council highlights the urgent need to strengthen the euro area economy while maintaining sound public finances.,neutral,8.7642434e-08,0.9999995,3.9278635e-07,-3.051439e-07,True,0.99999976
,,40,11,presidenta,statement,"Any fiscal responses to the energy price shock should be temporary, targeted and tailored.",neutral,3.3755243e-09,1.0,3.5577782e-10,3.0197465e-09,False,0.0066928267
,,41,11,presidenta,statement,The current energy crisis underscores the imperative to further reduce dependence on fossil fuels.,neutral,4.0654754e-08,1.0,2.598972e-09,3.805578e-08,False,0.017986238
,,42,11,presidenta,statement,Completing the savings and investments union is vital to fund innovation and support the green and digital transitions.,neutral,4.5082024e-12,1.0,6.9135447e-13,3.816848e-12,False,0.00012338161
,,43,11,presidenta,statement,"The digital euro and tokenised wholesale central bank money will enhance Europe’s strategic autonomy, competitiveness and financial integration, and will boost innovation in payments.",neutral,2.4133657e-12,1.0,8.258069e-14,2.330785e-12,False,5.9604645e-08
,,44,11,presidenta,statement,It is thus essential to swiftly adopt the Regulation on the establishment of the digital euro.,neutral,3.978968e-12,1.0,5.6756947e-14,3.922211e-12,False,5.9604645e-08
,,45,11,presidenta,statement,Simplifying and harmonising rules across the EU’s Single Market will help European firms grow faster.,neutral,9.3576344e-14,1.0,3.202006e-15,9.0374336e-14,False,0.0
,,46,12,presidenta,statement,"Inflation rose to 1.9 per cent in February, from 1.7 per cent in January.",hawkish,0.99998987,1.013001e-05,1.1861007e-08,0.99998987,True,1.0
,,47,12,presidenta,statement,"Energy prices were 3.1 per cent lower than a year ago, after being 4.0 per cent lower in January.",neutral,3.2089295e-07,0.9992547,0.0007449757,-0.0007446548,False,0.1830349
,,48,12,presidenta,statement,Food price inflation edged down to 2.5 per cent.,neutral,0.0005428418,0.9814807,0.017976448,-0.017433606,True,1.0
,,49,12,presidenta,statement,"Inflation excluding energy and food increased to 2.4 per cent in February, from 2.2 per cent in January.",neutral,0.005220127,0.9947798,1.17992105e-08,0.005220115,True,1.0
,,50,12,presidenta,statement,The increase reflected goods inflation rising to 0.7 per cent from 0.4 per cent and services inflation moving up to 3.4 per cent from 3.2 per cent.,neutral,0.43782252,0.5621774,5.1930686e-09,0.43782252,True,0.9999979
,,51,13,presidenta,statement,Indicators of underlying inflation have changed little over recent months and remain consistent with our two per cent medium-term target.,neutral,3.92785e-07,0.9999959,3.7266389e-06,-3.3338538e-06,True,1.0
,,52,13,presidenta,statement,"Corporate profits recovered further in the fourth quarter of 2025, while unit labour costs rose at a similar rate as in the previous quarter.",neutral,1.6918976e-10,1.0,4.5087527e-12,1.64681e-10,True,0.9999982
,,53,13,presidenta,statement,"Growth in compensation per employee slowed to 3.7 per cent, from 4.0 per cent in the third quarter.",neutral,5.6027964e-09,0.9999996,3.9278646e-07,-3.8718366e-07,True,1.0
,,54,13,presidenta,statement,"Negotiated wage growth and forward-looking indicators, such as the ECB’s wage tracker and surveys on wage expectations, suggest that labour costs will ease further in the course of 2026, which should support the return of inflation to target.",hawkish,0.94259936,0.046929292,0.010471336,0.932128,True,1.0
,,55,14,presidenta,statement,The increase in energy prices caused by the war will drive inflation above 2 per cent in the near term.,hawkish,1.0,2.5128235e-08,3.3982683e-09,1.0,True,1.0
,,56,14,presidenta,statement,"If persistent, higher energy prices may lead to a broader increase in inflation through indirect and second-round effects, a situation which requires close monitoring.",hawkish,0.9992903,0.00070967124,5.312012e-08,0.9992902,True,1.0
,,57,14,presidenta,statement,Inflation expectations in the financial markets have moved up significantly over shorter horizons.,hawkish,0.99999917,8.318895e-07,1.2501515e-09,0.99999917,True,1.0
,,58,14,presidenta,statement,"Most measures of longer-term inflation expectations stand at around 2 per cent, supporting the stabilisation of inflation around our target.",neutral,1.1253518e-07,0.99999976,1.1253518e-07,0.0,True,1.0
,,59,15,presidenta,statement,"The risks to the growth outlook are tilted to the downside, especially in the near term.",dovish,4.3634616e-09,3.9278746e-07,0.9999996,-0.9999996,True,1.0
,,60,15,presidenta,statement,"The war in the Middle East is a downside risk to the euro area economy, adding to the volatile global policy environment.",neutral,4.355055e-09,0.99999976,2.3777802e-07,-2.3342297e-07,False,0.0019269586
,,61,15,presidenta,statement,"A prolonged war could increase energy prices further and for longer than currently expected, and also weigh on confidence.",neutral,0.00045198333,0.99954796,5.5779157e-08,0.00045192754,False,0.1827951
,,62,15,presidenta,statement,These factors would erode incomes and make firms and households more reluctant to invest and spend.,neutral,0.00020323732,0.99977535,2.1421063e-05,0.00018181626,True,0.9990892
,,63,15,presidenta,statement,A worsening of global financial market sentiment could further dampen demand.,neutral,1.1252121e-07,0.99999905,8.3142504e-07,-7.1890383e-07,True,0.9998766
,,64,15,presidenta,statement,"Additional frictions in international trade could disrupt supply chains, reduce exports and weaken consumption and investment.",neutral,7.3830697e-09,1.0,3.2438927e-10,7.0586803e-09,False,0.37754065
,,65,15,presidenta,statement,"Other geopolitical tensions, in particular Russia’s unjustified war against Ukraine, remain a major source of uncertainty.",neutral,4.8471963e-11,1.0,3.2660178e-13,4.814536e-11,False,3.5345554e-05
,,66,15,presidenta,statement,"By contrast, growth could turn out to be higher if the economic repercussions of the war in the Middle East proved to be more short-lived than currently expected.",neutral,2.7530035e-05,0.9999702,2.2598024e-06,2.5270234e-05,True,0.99979657
,,67,15,presidenta,statement,"Moreover, planned defence and infrastructure spending, reforms to enhance productivity, and euro area firms adopting new technologies may drive up growth by more than expected.",neutral,1.855383e-07,0.9999998,2.0611433e-09,1.8347716e-07,True,0.99999523
,,68,15,presidenta,statement,New trade agreements and a deeper integration of the Single Market could also boost growth beyond current expectations.,neutral,4.2607182e-10,1.0,8.389863e-11,3.4217318e-10,False,0.18242556
,,69,16,presidenta,statement,"The risks to the inflation outlook are tilted to the upside, especially in the near term.",hawkish,1.0,1.7484412e-13,1.2015427e-13,1.0,True,1.0
,,70,16,presidenta,statement,"A prolonged war in the Middle East could lead to a larger and longer-lasting upward shift in energy prices than currently expected, raising euro area inflation further.",hawkish,1.0,1.1875344e-08,2.6465738e-09,1.0,True,1.0
,,71,16,presidenta,statement,"This could be reinforced and become more persistent if inflation expectations and wage growth were to rise in response, if the energy price increase were to spill over to non-energy inflation to a larger extent than assumed in the baseline, or if the war disrupted global supply chains more broadly.",hawkish,0.9968273,0.0031726859,1.5181671e-08,0.9968273,True,1.0
,,72,16,presidenta,statement,"Ongoing trade tensions could also give rise to more fragmented global supply chains, curtail the supply of critical raw materials and tighten capacity constraints in the euro area economy.",neutral,1.694635e-06,0.9999982,1.0833442e-07,1.5863005e-06,True,0.9626732
,,73,16,presidenta,statement,"By contrast, inflation could turn out to be lower if the economic repercussions of the war in the Middle East proved to be more short-lived or if indirect and second-round effects proved less pronounced than currently expected.",neutral,0.016299184,0.8899055,0.09379534,-0.077496156,True,1.0
,,74,16,presidenta,statement,Inflation could also be lower if tariffs reduced demand for euro area exports by more than expected and if countries with overcapacity increased further their exports to the euro area.,neutral,0.0027679652,0.6772988,0.31993324,-0.31716526,True,1.0
,,75,16,presidenta,statement,More volatile and risk-averse financial markets could weigh on demand and thereby lower inflation as well.,dovish,0.0011681442,0.0011681468,0.99766374,-0.9964956,True,1.0
,,76,17,presidenta,statement,The war in the Middle East has had a pronounced impact on global financial markets.,neutral,8.423468e-12,1.0,9.862883e-15,8.413605e-12,False,0.0
,,77,17,presidenta,statement,Overall financial conditions have tightened since our last meeting.,hawkish,0.99956864,0.00043055828,8.311698e-07,0.9995678,True,1.0
,,78,17,presidenta,statement,"Stock markets have fallen and market interest rates in the euro area, especially short-term rates, have risen notably.",hawkish,0.9998411,0.00015882951,6.8245186e-08,0.99984103,True,0.9999996
,,79,18,presidenta,statement,"In January, bank lending rates for firms and the cost of issuing market-based debt both remained at 3.6 per cent, while the average interest rate on new mortgages edged up to 3.4 per cent.",neutral,5.6027982e-09,1.0,2.7894695e-10,5.323851e-09,True,0.99999994
,,80,18,presidenta,statement,"Bank lending to firms grew by 2.8 per cent on a yearly basis in January, down from 3.0 per cent in December.",neutral,1.0261887e-10,1.0,1.3176508e-10,-2.9146213e-11,True,0.99999934
,,81,18,presidenta,statement,"However, this was offset by stronger issuance of corporate bonds, with the annual growth rate rising to 4.0 per cent, from 3.5 per cent in December.",neutral,4.3155217e-09,0.9999999,1.11298775e-07,-1.0698325e-07,True,0.9890131
,,82,18,presidenta,statement,"Mortgage lending grew by 3.0 per cent, unchanged from December.",neutral,2.6414735e-09,1.0,1.1605819e-10,2.5254152e-09,True,0.7772999
,,83,19,presidenta,statement,The Governing Council today decided to keep the three key ECB interest rates unchanged.,neutral,1.0060395e-12,1.0,8.704015e-15,9.973356e-13,True,1.0
,,84,19,presidenta,statement,We are determined to ensure that inflation stabilises at our two per cent target in the medium term.,hawkish,0.99751955,0.0024726056,7.86976e-06,0.9975117,True,1.0
,,85,19,presidenta,statement,We will follow a data-dependent and meeting-by-meeting approach to determining the appropriate monetary policy stance.,neutral,1.06035826e-13,1.0,1.3615255e-13,-3.0116724e-14,True,1.0
,,86,19,presidenta,statement,"Our interest rate decisions will be based on our assessment of the inflation outlook and the risks surrounding it, in light of the incoming economic and financial data, as well as the dynamics of underlying inflation and the strength of monetary policy transmission.",neutral,2.5436698e-13,1.0,1.9810094e-13,5.626604e-14,True,1.0
,,87,19,presidenta,statement,We are not pre-committing to a particular rate path.,neutral,2.7894695e-10,1.0,2.1724407e-10,6.170288e-11,True,1.0
,,88,20,presidenta,statement,"In any case, we stand ready to adjust all of our instruments within our mandate to ensure that inflation stabilises sustainably at our medium-term target and to preserve the smooth functioning of monetary policy transmission.",neutral,2.0611535e-09,1.0,1.6919006e-10,1.8919635e-09,True,1.0
,,89,21,presidenta,statement,We are now ready to take your questions.,neutral,7.6812065e-15,1.0,1.2415523e-16,7.557051e-15,False,0.0
,,96,23,presidenta,qa,Let me give you a little bit the ambiance and the process through which we went in the last couple of days.,neutral,1.7139079e-15,1.0,1.5941873e-16,1.5544892e-15,False,0.0
,,97,23,presidenta,qa,"We had an in-depth discussion on the current situation, and we are ever so grateful that our staff – at the risk of having zero weekends and very, very short nights – was able to provide us with a baseline and scenarios, the overall projection efforts, as at 11 March.",neutral,1.4631498e-12,1.0,9.540924e-12,-8.077774e-12,True,0.9995694
,,98,23,presidenta,qa,"This is very unusual, and it’s specifically included in the monetary policy statement that this is exceptional.",neutral,2.7894095e-10,1.0,2.413314e-12,2.7652763e-10,True,0.99997854
,,99,23,presidenta,qa,"I don’t wish to impose that exercise on a regular basis, but this was the information which we could actually discuss in depth.",neutral,3.072239e-12,1.0,3.944839e-12,-8.7259974e-13,True,0.99142253
,,100,23,presidenta,qa,"We went a bit further than that, and we managed to make sure that the members of the Governing Council were extensively briefed by experts.",neutral,4.627169e-12,1.0,9.795708e-12,-5.1685388e-12,False,0.37754065
,,101,23,presidenta,qa,"We had a defence and military affairs professor who briefed us the day before the Governing Council meeting, and by the randomness of calendar scheduling we also had a very good presentation of climate change impacts on the ocean.",neutral,2.882354e-13,1.0,2.6810024e-14,2.6142538e-13,False,5.9604645e-08
,,102,23,presidenta,qa,"And it’s not unrelated in many ways, but it’s totally random, I can assure you.",neutral,3.9008385e-14,1.0,3.824259e-16,3.862596e-14,False,0.0
,,103,23,presidenta,qa,So I think my goal and the goal of the Executive Board was to make sure that governors were starting from the best-informed basis to hold their in-depth discussion.,neutral,4.1934785e-13,1.0,1.6585549e-12,-1.2392071e-12,True,0.99992514
,,104,23,presidenta,qa,"And I would characterise the overall mood of the group as being calm, being determined and being laser-focused on the information that we have, the projections that we received and all data that can be analysed and factored into our decision-making process.",neutral,3.2661328e-13,1.0,1.1399914e-12,-8.133781e-13,True,1.0
,,105,23,presidenta,qa,Our decision was unanimous.,neutral,8.257776e-14,1.0,2.0878984e-14,6.1698774e-14,True,0.99996465
,,106,23,presidenta,qa,You asked me about a range of views.,neutral,3.2654684e-13,1.0,3.9000453e-14,2.8754638e-13,False,0.00020343065
,,107,23,presidenta,qa,There was no range of views.,neutral,3.701011e-13,1.0,1.3615254e-13,2.3394858e-13,True,1.0
,,108,23,presidenta,qa,It was a unanimous decision that was taken not to move rates at all.,neutral,0.00070596865,0.9940776,0.005216441,-0.0045104725,True,1.0
,,109,23,presidenta,qa,"We are going to continue doing what we have been doing, and that’s addressing the second part of your question.",neutral,2.1296868e-12,1.0,7.8346975e-13,1.3462171e-12,True,0.9999546
,,110,23,presidenta,qa,We are starting from a good base.,neutral,2.2897366e-11,1.0,9.545033e-12,1.3352333e-11,True,1.0
,,111,23,presidenta,qa,I’m not saying that we are in a good place.,neutral,2.5723548e-11,1.0,9.974104e-13,2.4726138e-11,True,0.99142253
,,112,23,presidenta,qa,"We are well positioned, and actually you find that in the monetary policy statement.",neutral,1.2917821e-12,1.0,4.1937927e-13,8.7240284e-13,True,1.0
,,113,23,presidenta,qa,"I think we are both well positioned and well equipped to deal with the development of a major shock that is unfolding, and we will continue doing that.",neutral,3.7751385e-11,1.0,6.5602107e-12,3.1191175e-11,True,1.0
,,114,23,presidenta,qa,"You probably have heard me ad nauseam say “meeting by meeting”, “data-dependent” and “no preset pace”.",neutral,3.978968e-12,1.0,1.3176517e-10,-1.277862e-10,True,1.0
,,115,23,presidenta,qa,And this was embedded in our strategy review of last July.,neutral,1.0603582e-13,1.0,1.2015431e-13,-1.41184875e-14,True,0.99999994
,,116,23,presidenta,qa,"But I’m so pleased that we finalised our agreement to operate on that basis, which is proving extremely helpful, because at the time we anticipated that we would be facing a succession of shocks, possibly in close sequence, and this is what we are seeing at the moment.",neutral,6.825415e-08,0.99999994,5.905146e-10,6.7663635e-08,True,0.99997246
,,117,23,presidenta,qa,"That’s what we will do, which explains why I cannot give you a timeline, a date, but I can assure you that we will proceed on the basis of this analysis and on the basis of the hard work produced by staff to make sure that we have not only the baseline that you will see after this press conference, because it will be published, but also the scenarios that you will also see after the press conference, because they will also be on the website.",neutral,7.99196e-11,1.0,8.423468e-12,7.149613e-11,True,1.0
,,130,25,presidenta,qa,"I hope everybody else will be patient, because I might take a little longer than I normally take, but I hope it informs all of you.",neutral,3.476761e-10,1.0,7.757697e-11,2.7009914e-10,True,0.97068775
,,131,25,presidenta,qa,"As I said, we will continue to apply the three key principles that I have outlined, and being data-dependent will lead us to look at everything that we normally look at, but we will be particularly attentive to a number of things, and that’s, I think, the point of your question.",neutral,1.3615254e-13,1.0,6.101937e-13,-4.7404116e-13,True,1.0
,,132,25,presidenta,qa,We will be particularly attentive to developments in all commodity markets.,neutral,2.7894695e-10,1.0,5.1090907e-12,2.7383787e-10,True,1.0
,,133,25,presidenta,qa,We will be particularly attentive to supply bottlenecks.,neutral,5.3157844e-08,0.99999994,1.3176517e-10,5.3026078e-08,True,1.0
,,134,25,presidenta,qa,"We will be particularly attentive to selling price expectations of firms, and through the corporate telephone survey in particular and other surveys that we hold of good value, we can assess how often price revisions will take place.",neutral,1.8479844e-06,0.99999815,5.8817315e-09,1.8421027e-06,True,0.8175748
,,135,25,presidenta,qa,That will be important.,neutral,5.3017913e-14,1.0,4.1290396e-14,1.1727517e-14,True,0.5
,,136,25,presidenta,qa,"We will be particularly attentive to all demand indicators, be it PMIs, consumer confidence, etc.",neutral,5.789354e-12,1.0,6.560211e-12,-7.7085734e-13,True,1.0
,,137,25,presidenta,qa,We will be particularly attentive to wage trackers.,neutral,0.00669285,0.99330705,1.1178201e-07,0.0066927383,True,1.0
,,138,25,presidenta,qa,Because what we want to really come back to is these three key points that I have mentioned and that are also in the monetary policy statement.,neutral,7.8350466e-13,1.0,5.789349e-12,-5.0058443e-12,True,0.99999917
,,139,25,presidenta,qa,"All of that which is unfolding at the moment, which is a severe shock, will depend on the duration, the intensity and the propagation.",neutral,1.02498926e-10,1.0,2.4105433e-12,1.0008838e-10,True,0.9988305
,,140,25,presidenta,qa,"And by propagation, I mean the indirect effects and the second-round effects.",neutral,1.6196225e-13,1.0,1.2613668e-13,3.5825577e-14,True,0.8175745
,,141,25,presidenta,qa,"And we need to have the best sensors and the best way to anticipate where these indirect effects and where these second-round effects are going, if at all.",neutral,2.2897325e-11,1.0,2.734695e-12,2.016263e-11,True,0.9999982
,,142,25,presidenta,qa,That’s what we will be attentive to.,neutral,5.008783e-14,1.0,1.0603583e-13,-5.5948003e-14,True,1.0
,,143,26,presidenta,qa,"Now, I’m going to try to take you through a little bit the scenarios, but I very strongly encourage you to look at the material that we will be releasing after this press conference, which will be far more detailed and informative.",neutral,1.3560936e-12,1.0,2.1212868e-11,-1.9856774e-11,True,0.8175745
,,144,26,presidenta,qa,"But essentially, the work that was done by staff is the following.",neutral,3.900731e-14,1.0,5.981977e-15,3.3025333e-14,False,2.7537346e-05
,,145,26,presidenta,qa,"Number one, they did a first baseline as at 4 March, which would have been normal exercise.",neutral,7.21579e-12,1.0,2.067355e-12,5.148435e-12,False,0.029312253
,,146,26,presidenta,qa,And that will be available as well in what we publish later today.,neutral,6.431379e-14,1.0,9.862856e-15,5.4450934e-14,False,2.861023e-06
,,147,26,presidenta,qa,But that was very quickly superseded by the turn of events.,neutral,2.4715584e-11,1.0,7.4634705e-13,2.3969236e-11,False,0.047425866
,,148,26,presidenta,qa,"So they did a second baseline as at 11 March, and that is the baseline that we hold as our baseline in our projections.",neutral,5.1090902e-12,1.0,6.5602107e-12,-1.4511205e-12,True,1.0
,,149,26,presidenta,qa,"And you will find all the hypotheticals that are used there in terms of the price of oil, the price of gas and the duration of the shock and the propagation.",neutral,1.3516764e-06,0.9999986,2.475681e-08,1.3269196e-06,True,0.9859364
,,150,26,presidenta,qa,"And there is a bit of propagation actually, some of it being judgemental.",neutral,5.008783e-14,1.0,6.305122e-16,4.945732e-14,False,0.0
,,151,26,presidenta,qa,"Some indirect effects, some secondary effects as well.",neutral,2.2447471e-13,1.0,8.257961e-14,1.418951e-13,True,0.999987
,,152,26,presidenta,qa,And then they produced two scenarios.,neutral,1.4350378e-14,1.0,7.144651e-16,1.36359125e-14,False,0.0
,,153,26,presidenta,qa,"One is the adverse scenario, and the other one is the severe scenario.",neutral,1.5005249e-12,1.0,6.592845e-14,1.4345964e-12,False,0.09534949
,,154,26,presidenta,qa,"Now, you will ask me “what’s the difference between the two?”",neutral,1.2015427e-13,1.0,1.9421172e-15,1.1821215e-13,False,0.0
,,155,26,presidenta,qa,"In the adverse scenario, the price of oil and gas goes significantly up and higher than in the baseline, but it falls back to the 4 March baseline pretty much at the end of our projection horizon.",neutral,0.32080567,0.67915475,3.9590566e-05,0.3207661,True,0.9999912
,,156,26,presidenta,qa,"On the other hand, in the severe one, it goes up as well, a little higher than in the adverse, but it doesn’t fall back very fast, so it stays high for a longer period of time and it settles at the 4 March baseline beyond the end of our projection horizon.",neutral,0.017986206,0.9820138,1.1647787e-08,0.017986195,True,0.99999994
,,157,26,presidenta,qa,"That’s one of the key differences, and obviously, given the hypotheses that are taken, the impacts on inflation and on growth are different and are higher on inflation and lower on growth.",neutral,4.139937e-08,1.0,1.8795284e-12,4.139749e-08,True,1.0
,,158,26,presidenta,qa,But I’m not going to give you year-by-year details of those consequences.,neutral,1.6554805e-12,1.0,1.2892913e-12,3.6618928e-13,True,0.7772999
,,159,26,presidenta,qa,You will find that in the scenarios.,neutral,1.3347944e-15,1.0,1.2415543e-16,1.210639e-15,False,0.0
,,160,26,presidenta,qa,But it’s a significant difference.,neutral,4.735476e-12,1.0,5.65572e-13,4.169904e-12,False,0.43782347
,,167,28,presidenta,qa,I feel very proud of our staff.,neutral,3.3748847e-16,1.0,3.1391647e-17,3.0609682e-16,False,0.0
,,168,28,presidenta,qa,"That I can assure you, because I don’t think that there are many other central banks that have had the courage to try to cut off at 11 March and produce the set of data that we have had available.",hawkish,0.8546736,0.09068892,0.054637462,0.8000362,True,0.90991807
,,169,28,presidenta,qa,That’s how I feel.,neutral,7.287723e-14,1.0,9.173897e-16,7.195984e-14,False,0.0
,,170,28,presidenta,qa,"From 2022 to now, four years later, I would characterise our current position, I would have two characteristics.",neutral,1.5427979e-13,1.0,1.3615117e-13,1.812862e-14,True,0.99998987
,,171,28,presidenta,qa,"One is: I think we are well positioned, and I would call it the “three times two”.",neutral,1.2917798e-12,1.0,4.7521904e-13,8.165608e-13,True,0.9999982
,,172,28,presidenta,qa,"2% inflation at or around target in the medium term, 2% medium-term inflation expectations, and 2% interest rates.",neutral,5.0434784e-07,0.9999995,1.1861123e-08,4.924867e-07,True,1.0
,,173,28,presidenta,qa,"So target, target, broadly neutral.",neutral,2.3823704e-07,0.99999976,7.1941346e-09,2.310429e-07,True,1.0
,,174,28,presidenta,qa,"That leads me to say that we start from a good position and we are well positioned to demonstrate our capacity to apply our strategy and to be agile, to do what is necessary.",neutral,1.46378e-12,1.0,8.878273e-13,5.7595275e-13,True,1.0
,,175,28,presidenta,qa,Because the second point is that we are determined to ensure that inflation stabilises at 2% in the medium term.,hawkish,0.9999852,1.3007125e-05,1.7603203e-06,0.99998343,True,1.0
,,176,28,presidenta,qa,This is our commitment.,neutral,3.5254875e-13,1.0,2.4230352e-13,1.1024523e-13,True,0.95257413
,,177,28,presidenta,qa,"When I say also that we are well equipped, I think that in those four years we have learned, we have improved our models, we have changed our strategy and we are now in particular more attentive to risks around the outlook.",neutral,3.978968e-12,1.0,2.4133657e-12,1.5656025e-12,True,1.0
,,178,28,presidenta,qa,We are developing scenarios and sensitivity analyses to make sure that we are as well informed as possible in order to assess the situation.,neutral,2.0879692e-14,1.0,5.675692e-14,-3.5877226e-14,True,1.0
,,179,28,presidenta,qa,So I would say that this enables us to better understand and better make our determination.,neutral,3.9008385e-14,1.0,3.9008388e-14,-3.3881318e-21,True,1.0
,,180,28,presidenta,qa,I think we also understand better the mechanism of the pass-through into indirect and second-round effects.,neutral,1.9810092e-13,1.0,1.3615258e-13,6.1948344e-14,True,1.0
,,181,28,presidenta,qa,"On your second question, as I said, I’m proud of the projections that have been delivered.",neutral,3.5114119e-12,1.0,1.4637767e-12,2.047635e-12,True,0.99999774
,,182,28,presidenta,qa,"Granted, on core, we are 2.1% in 2028.",neutral,0.00091105106,0.99908894,2.6441624e-09,0.00091104844,True,1.0
,,183,28,presidenta,qa,"You have to remember that we include in that ETS2 applying as of 2028, and you still have a little bit remaining of the base effect and a little bit of second round.",neutral,5.602705e-09,1.0,1.0261723e-10,5.500088e-09,True,0.9999833
,,189,30,presidenta,qa,"Thank you for being so discreet about names, but you also give me a chance to offer the floor to my Vice-President, whom I am so grateful for.",neutral,1.8064464e-16,1.0,2.1574991e-17,1.5906965e-16,False,0.0
,,190,31,vicepresidente,qa,"If you look at our recent financial stability reports, we have been dealing with private credit quite a lot, and we have paid a lot of attention to private credit and the potential risks that private credit and private equity – private markets in general – have posed for financial stability.",neutral,2.1087616e-10,1.0,3.664481e-11,1.7423135e-10,False,0.029312253
,,191,31,vicepresidente,qa,The exposure in Europe of private credit and private markets in general is much more limited than in the United States.,neutral,1.5713477e-11,1.0,1.8767071e-12,1.383677e-11,False,0.0015012026
,,192,31,vicepresidente,qa,"Nevertheless, we have seen that the market is growing and these kinds of activities are exponentially growing recently and lately.",neutral,6.224089e-11,1.0,7.834975e-13,6.1457395e-11,False,1.013279e-05
,,193,31,vicepresidente,qa,What are the main problems that we have identified here and that we have indicated in our previous reports?,neutral,5.782583e-12,1.0,5.782583e-12,0.0,True,0.9988305
,,194,31,vicepresidente,qa,"The first one is opacity, a lack of transparency.",neutral,3.508928e-12,1.0,1.7469953e-13,3.3342285e-12,False,0.0007096529
,,195,31,vicepresidente,qa,There are some difficulties in order to know the valuations of the assets that they have in their portfolios.,neutral,2.800641e-11,1.0,3.790263e-12,2.4216146e-11,False,0.047425866
,,196,31,vicepresidente,qa,"And even lately you have seen that some of them have started to incorporate what they call continuity funds, continuation funds.",neutral,7.982613e-11,1.0,2.5915756e-11,5.3910376e-11,False,0.0011695027
,,197,31,vicepresidente,qa,It’s an indication that there were some problems in terms of the liquidity and the valuation of these assets.,neutral,4.315522e-09,1.0,4.01406e-10,3.914116e-09,True,0.9890131
,,198,31,vicepresidente,qa,"There is another issue that we have paid a lot of attention to and that is quite opaque and for which there is no transparency, and that is the leverage of these kinds of instruments.",neutral,1.5725934e-11,1.0,1.1391824e-12,1.4586752e-11,False,0.0007096529
,,199,31,vicepresidente,qa,"And finally, we have seen as well in the case of some private credit funds that they have started to limit redemptions and to impose what they call gates.",neutral,1.0261761e-10,1.0,3.5113744e-12,9.910624e-11,False,1.2993813e-05
,,200,31,vicepresidente,qa,"This is an indication of all the problems that I have indicated before and that I have seen before, and it’s a clear indication that there are liquidity mismatches in these kinds of funds.",neutral,2.4941924e-08,0.99999994,7.531818e-10,2.4188742e-08,False,0.0066928864
,,201,31,vicepresidente,qa,The interconnection with the banks and the non-banks is something that we have analysed quite in detail.,neutral,2.8418178e-13,1.0,3.2202013e-13,-3.7838358e-14,True,0.9859364
,,202,31,vicepresidente,qa,"As I have said before, in the case of Europe it’s much more limited, the exposure to these kinds of instruments, but it’s something that we are following closely.",neutral,6.224114e-11,1.0,1.3176436e-10,-6.952322e-11,True,0.99999386
,,203,31,vicepresidente,qa,"And for sure, what is happening in the United States could be a sort of lead indicator.",neutral,9.54254e-12,1.0,1.36117e-13,9.4064236e-12,False,0.00026118755
,,204,31,vicepresidente,qa,"Nevertheless, I repeat again that exposure in Europe is much more limited of the European banks to these kinds of instruments.",neutral,2.1087616e-10,1.0,6.041709e-11,1.5045908e-10,False,0.029312253
,,205,31,vicepresidente,qa,So it deserves and it merits attention.,neutral,6.431383e-14,1.0,2.2007007e-15,6.211313e-14,False,2.2649765e-06
,,206,31,vicepresidente,qa,I think that we need much more transparency with respect to the operations of these kinds of instruments.,neutral,1.7798105e-11,1.0,4.2695476e-11,-2.489737e-11,True,0.9980733
,,207,31,vicepresidente,qa,And the links and the interconnections with the banks is something that for sure that SSM is looking at very carefully.,neutral,4.2695472e-11,1.0,5.4822154e-11,-1.2126682e-11,True,0.8807971
,,208,32,presidenta,qa,And we are always keen to see the work produced by the Commission.,neutral,1.8426275e-14,1.0,1.3347958e-15,1.709148e-14,False,0.0
,,209,32,presidenta,qa,We know that the 28th regime was released yesterday.,neutral,1.3347944e-15,1.0,4.5674812e-17,1.2891197e-15,False,0.0
,,210,32,presidenta,qa,We’re going to look at it carefully.,neutral,1.658679e-12,1.0,6.914396e-13,9.672395e-13,True,1.0
,,211,32,presidenta,qa,"Obviously on the state aid and on the encouragement of mergers, we will be looking at that also attentively, including in the banking sector.",neutral,2.4133655e-12,1.0,1.08159315e-11,-8.402566e-12,False,1.1920929e-07
,,216,34,presidenta,qa,We’re back to the difference with 2022.,neutral,3.0079858e-12,1.0,3.5925272e-13,2.648733e-12,True,0.97068775
,,217,34,presidenta,qa,"I think another point that we have to keep in mind is that back in 2022, when the shock hit, inflation was already at 6%.",neutral,1.2501525e-09,1.0,2.9400767e-11,1.2207517e-09,True,1.0
,,218,34,presidenta,qa,"That’s a big difference with where we are at the moment, where the latest reading was 1.9% and we had inflation at target in the medium term.",hawkish,0.7772784,0.22269414,2.748262e-05,0.77725095,True,1.0
,,219,34,presidenta,qa,So that’s a major difference.,neutral,7.28771e-14,1.0,2.2007017e-15,7.06764e-14,False,1.7881393e-06
,,220,34,presidenta,qa,I think the labour market is also quite a bit different.,neutral,1.3176517e-10,1.0,2.0206867e-11,1.11558304e-10,True,1.0
,,221,34,presidenta,qa,"And I’m not saying that to avoid your question, but I think all this actually matters.",neutral,7.976561e-11,1.0,3.0928487e-12,7.6672765e-11,False,0.11920291
,,222,34,presidenta,qa,"The fact that we have a labour market which is solid but not as hot as it was back in 2022, where we had shortages of labour and a different bargaining position, will also play a role.",neutral,1.1253519e-07,0.9999999,4.1399367e-08,7.113582e-08,True,1.0
,,223,34,presidenta,qa,A caveat though: inflation expectations have a lot to do with the memory that people and corporates have of inflation.,neutral,7.99196e-11,1.0,5.7893542e-12,7.4130244e-11,True,1.0
,,224,34,presidenta,qa,And back in 2022 the memory was dating way back.,neutral,4.6588866e-15,1.0,7.5304683e-17,4.583582e-15,False,0.0
,,225,34,presidenta,qa,Now the memory is rather fresh because people have seen inflation.,neutral,3.7266402e-06,0.99999624,3.5817366e-10,3.726282e-06,True,0.99999994
,,226,34,presidenta,qa,"So the reaction function that they will have in terms of investment, in terms of wage negotiations and in terms of consumption is going to be informed by a fresher memory of inflation that went high and that we managed to bring back to 2%.",hawkish,0.9999986,1.3709601e-06,7.194126e-09,0.9999986,True,1.0
,,227,34,presidenta,qa,"I think the third element which is different as well and that we will have to be attentive to is that while it was a major supply shock to begin with, in 2022 we had the pent-up demand and a demand shock element about the situation that we faced.",neutral,3.5817502e-10,1.0,9.545033e-12,3.4862999e-10,True,1.0
,,228,34,presidenta,qa,"Now there’s one thing that I want to mention because I’m going to have to run, I’m sorry to say, because I need to catch a plane to go to Brussels, because I have to be there at around 5:30.",neutral,1.1779526e-15,1.0,3.3748876e-16,8.404639e-16,False,0.0
,,229,34,presidenta,qa,"When you look at the scenario analysis that will be published later on, don’t forget to keep in mind that our scenario work does not factor in any monetary policy measures, so the numbers that you will see are without monetary policy beyond the baseline, that includes what is anticipated by markets as at the cut-off date.",neutral,3.7751385e-11,1.0,7.99196e-11,-4.2168213e-11,True,1.0
,,230,34,presidenta,qa,So that’s a big difference before you jump to conclusions.,neutral,1.1399512e-12,1.0,1.842563e-14,1.1215256e-12,False,3.5345554e-05
,,231,34,presidenta,qa,So I wanted to just mention that before I say goodbye and see you again on 30 April.,neutral,1.0395375e-15,1.0,4.0307433e-17,9.9923e-16,False,0.0
