start,end,speaker_id
0.45,5.08,SPEAKER_10
6.41,8.72,SPEAKER_10
9.58,15.76,SPEAKER_10
16.55,21.01,SPEAKER_10
21.63,24.99,SPEAKER_10
26.0,30.78,SPEAKER_06
32.41,35.65,SPEAKER_06
36.26,42.4,SPEAKER_06
43.97,50.27,SPEAKER_06
51.16,53.2,SPEAKER_06
53.81,57.32,SPEAKER_06
59.04,62.65,SPEAKER_06
62.91,68.02,SPEAKER_06
69.94,74.87,SPEAKER_06
75.48,76.81,SPEAKER_06
77.49,79.29,SPEAKER_06
80.9,85.6,SPEAKER_06
86.21,88.51,SPEAKER_06
89.42,91.73,SPEAKER_06
92.12,95.53,SPEAKER_06
97.1,99.05,SPEAKER_06
99.36,101.89,SPEAKER_06
102.77,108.35,SPEAKER_06
110.49,114.56,SPEAKER_06
115.89,123.29,SPEAKER_06
123.56,127.07,SPEAKER_06
128.65,132.67,SPEAKER_06
133.65,134.24,SPEAKER_06
134.64,139.76,SPEAKER_06
141.26,151.32,SPEAKER_06
152.31,157.83,SPEAKER_06
158.42,159.99,SPEAKER_06
160.46,163.26,SPEAKER_06
163.9,166.87,SPEAKER_06
167.26,169.96,SPEAKER_06
170.99,172.54,SPEAKER_06
172.95,174.38,SPEAKER_06
175.46,177.07,SPEAKER_06
177.44,181.2,SPEAKER_06
183.12,188.27,SPEAKER_06
188.59,193.01,SPEAKER_06
195.88,197.42,SPEAKER_06
197.77,199.53,SPEAKER_06
200.02,202.48,SPEAKER_06
203.75,211.9,SPEAKER_06
213.52,219.1,SPEAKER_06
220.45,221.13,SPEAKER_06
222.21,225.08,SPEAKER_06
225.68,229.28,SPEAKER_06
229.46,236.4,SPEAKER_06
238.34,243.91,SPEAKER_06
245.09,247.69,SPEAKER_06
248.33,253.41,SPEAKER_06
255.13,256.72,SPEAKER_06
257.27,259.06,SPEAKER_06
259.72,262.88,SPEAKER_06
265.07,266.05,SPEAKER_06
266.76,271.7,SPEAKER_06
272.36,277.52,SPEAKER_06
279.6,287.48,SPEAKER_06
288.58,290.85,SPEAKER_06
292.51,295.77,SPEAKER_06
295.87,296.85,SPEAKER_06
297.0,299.14,SPEAKER_06
299.7,302.25,SPEAKER_06
302.8,305.13,SPEAKER_06
305.55,307.53,SPEAKER_06
308.1,310.72,SPEAKER_06
310.97,312.98,SPEAKER_06
314.55,320.52,SPEAKER_06
322.53,326.01,SPEAKER_06
326.33,328.62,SPEAKER_06
329.06,331.78,SPEAKER_06
332.87,338.22,SPEAKER_06
339.56,343.61,SPEAKER_06
344.11,347.0,SPEAKER_06
347.01,351.52,SPEAKER_06
352.85,357.07,SPEAKER_06
357.48,361.61,SPEAKER_06
363.01,364.06,SPEAKER_06
364.7,367.4,SPEAKER_06
367.84,370.45,SPEAKER_06
370.76,375.85,SPEAKER_06
377.09,383.68,SPEAKER_06
386.2,393.22,SPEAKER_06
396.58,405.18,SPEAKER_06
406.41,412.81,SPEAKER_06
414.62,416.24,SPEAKER_06
416.81,420.05,SPEAKER_06
420.61,422.92,SPEAKER_06
424.62,426.14,SPEAKER_06
426.68,429.48,SPEAKER_06
430.77,433.36,SPEAKER_06
433.92,434.83,SPEAKER_06
436.05,437.41,SPEAKER_06
437.82,439.64,SPEAKER_06
440.18,442.34,SPEAKER_06
444.23,445.75,SPEAKER_06
446.05,447.35,SPEAKER_06
447.98,449.01,SPEAKER_06
449.51,453.55,SPEAKER_06
454.76,455.81,SPEAKER_06
456.35,461.16,SPEAKER_06
463.44,468.23,SPEAKER_06
469.19,473.93,SPEAKER_06
474.4,478.2,SPEAKER_06
479.91,485.47,SPEAKER_06
486.05,488.28,SPEAKER_06
490.2,495.67,SPEAKER_06
497.44,500.75,SPEAKER_06
501.22,508.24,SPEAKER_06
510.48,516.91,SPEAKER_06
518.08,521.37,SPEAKER_06
522.13,528.61,SPEAKER_06
530.04,538.65,SPEAKER_06
539.54,541.03,SPEAKER_06
541.6,543.44,SPEAKER_06
546.51,548.94,SPEAKER_06
549.57,551.4,SPEAKER_06
553.02,558.36,SPEAKER_06
558.48,561.9,SPEAKER_06
563.64,566.46,SPEAKER_06
567.03,571.6,SPEAKER_06
573.21,580.16,SPEAKER_06
581.78,584.26,SPEAKER_06
584.73,587.52,SPEAKER_06
588.01,590.52,SPEAKER_06
590.91,592.33,SPEAKER_06
592.63,597.15,SPEAKER_06
598.72,601.69,SPEAKER_06
602.08,603.9,SPEAKER_06
605.17,607.72,SPEAKER_06
608.24,611.43,SPEAKER_06
612.0,615.75,SPEAKER_06
617.49,622.82,SPEAKER_06
623.48,625.86,SPEAKER_06
627.63,628.52,SPEAKER_06
629.27,631.48,SPEAKER_06
632.34,638.14,SPEAKER_06
638.45,643.04,SPEAKER_06
644.79,654.33,SPEAKER_06
655.14,657.95,SPEAKER_06
659.71,667.1,SPEAKER_06
669.72,672.57,SPEAKER_06
673.12,674.63,SPEAKER_06
675.84,681.36,SPEAKER_06
681.78,684.75,SPEAKER_06
686.13,696.6,SPEAKER_06
697.37,700.87,SPEAKER_06
701.47,704.68,SPEAKER_06
706.54,711.4,SPEAKER_06
712.04,714.75,SPEAKER_06
715.16,718.65,SPEAKER_06
720.41,721.34,SPEAKER_06
721.88,724.0,SPEAKER_06
724.63,732.17,SPEAKER_06
732.68,737.11,SPEAKER_06
738.73,742.02,SPEAKER_06
742.38,743.83,SPEAKER_06
744.02,746.41,SPEAKER_06
749.26,755.02,SPEAKER_06
756.1,760.72,SPEAKER_06
762.22,767.17,SPEAKER_06
767.96,770.31,SPEAKER_06
771.47,773.67,SPEAKER_06
774.15,776.4,SPEAKER_06
777.36,780.26,SPEAKER_06
781.04,784.11,SPEAKER_06
785.75,792.24,SPEAKER_06
792.6,794.3,SPEAKER_06
794.96,798.59,SPEAKER_06
799.26,800.77,SPEAKER_06
800.87,802.94,SPEAKER_06
804.43,813.02,SPEAKER_06
814.2,817.35,SPEAKER_06
817.83,820.98,SPEAKER_06
822.35,824.24,SPEAKER_06
824.78,828.04,SPEAKER_06
828.36,830.08,SPEAKER_06
831.48,835.02,SPEAKER_06
835.5,837.79,SPEAKER_06
838.5,841.2,SPEAKER_06
841.32,843.02,SPEAKER_06
844.76,846.14,SPEAKER_06
847.24,852.56,SPEAKER_06
854.46,855.66,SPEAKER_06
855.9,857.7,SPEAKER_06
858.24,862.6,SPEAKER_06
863.83,868.03,SPEAKER_06
868.47,870.66,SPEAKER_06
871.98,876.4,SPEAKER_06
876.94,878.51,SPEAKER_06
879.2,881.94,SPEAKER_06
882.69,885.28,SPEAKER_06
885.63,888.09,SPEAKER_06
889.09,892.06,SPEAKER_06
893.38,898.22,SPEAKER_06
898.74,901.56,SPEAKER_06
902.0,903.42,SPEAKER_06
904.01,906.05,SPEAKER_06
906.34,907.25,SPEAKER_06
907.65,908.87,SPEAKER_06
909.75,912.02,SPEAKER_06
913.31,916.33,SPEAKER_10
919.8,951.06,SPEAKER_05
953.49,956.32,SPEAKER_06
958.06,959.46,SPEAKER_06
962.11,964.61,SPEAKER_06
967.74,969.26,SPEAKER_06
969.45,971.59,SPEAKER_06
975.15,976.79,SPEAKER_06
978.98,980.05,SPEAKER_06
980.6,985.75,SPEAKER_06
986.71,990.19,SPEAKER_06
990.46,993.16,SPEAKER_06
993.97,994.64,SPEAKER_06
996.84,998.73,SPEAKER_06
999.72,1002.03,SPEAKER_06
1002.27,1004.5,SPEAKER_06
1006.96,1016.45,SPEAKER_06
1016.82,1019.13,SPEAKER_06
1020.23,1022.08,SPEAKER_06
1022.77,1024.66,SPEAKER_06
1024.97,1028.33,SPEAKER_06
1028.8,1031.62,SPEAKER_06
1031.97,1032.97,SPEAKER_06
1033.57,1036.16,SPEAKER_06
1036.93,1041.03,SPEAKER_06
1042.32,1045.03,SPEAKER_06
1045.86,1049.45,SPEAKER_06
1050.48,1051.93,SPEAKER_06
1052.56,1054.8,SPEAKER_06
1055.98,1058.36,SPEAKER_06
1060.3,1061.62,SPEAKER_06
1062.18,1062.78,SPEAKER_06
1063.12,1064.12,SPEAKER_06
1065.55,1066.5,SPEAKER_06
1067.73,1068.57,SPEAKER_06
1069.82,1073.5,SPEAKER_06
1073.77,1074.28,SPEAKER_06
1074.95,1076.2,SPEAKER_06
1076.72,1077.96,SPEAKER_06
1078.85,1080.77,SPEAKER_06
1082.44,1083.32,SPEAKER_06
1083.76,1086.06,SPEAKER_06
1086.46,1093.7,SPEAKER_06
1093.82,1096.7,SPEAKER_06
1098.21,1100.5,SPEAKER_06
1101.29,1103.28,SPEAKER_06
1104.45,1105.7,SPEAKER_06
1106.34,1108.63,SPEAKER_06
1109.01,1112.21,SPEAKER_06
1113.76,1117.75,SPEAKER_06
1117.98,1119.23,SPEAKER_06
1120.01,1120.9,SPEAKER_06
1122.34,1124.02,SPEAKER_06
1125.04,1129.81,SPEAKER_06
1130.44,1133.02,SPEAKER_06
1134.2,1135.45,SPEAKER_06
1135.75,1137.09,SPEAKER_06
1138.37,1141.07,SPEAKER_06
1141.52,1142.57,SPEAKER_06
1143.16,1143.95,SPEAKER_06
1144.85,1146.79,SPEAKER_06
1147.55,1150.47,SPEAKER_06
1151.83,1154.65,SPEAKER_06
1154.96,1155.87,SPEAKER_06
1156.15,1158.89,SPEAKER_06
1159.16,1160.52,SPEAKER_06
1160.85,1162.94,SPEAKER_06
1163.46,1164.14,SPEAKER_06
1165.35,1166.58,SPEAKER_06
1166.9,1167.33,SPEAKER_06
1167.78,1169.2,SPEAKER_06
1169.65,1171.98,SPEAKER_06
1172.19,1172.88,SPEAKER_06
1173.54,1174.43,SPEAKER_06
1175.0,1178.83,SPEAKER_06
1179.32,1180.94,SPEAKER_06
1181.26,1182.65,SPEAKER_06
1182.97,1183.39,SPEAKER_06
1184.28,1192.06,SPEAKER_06
1192.6,1197.78,SPEAKER_06
1200.3,1203.22,SPEAKER_10
1205.94,1229.76,SPEAKER_00
1230.18,1242.22,SPEAKER_00
1243.68,1243.7,SPEAKER_00
1243.7,1246.35,SPEAKER_06
1250.32,1254.3,SPEAKER_06
1255.51,1255.73,SPEAKER_06
1257.25,1262.67,SPEAKER_06
1263.93,1265.82,SPEAKER_06
1266.15,1270.68,SPEAKER_06
1271.7,1273.1,SPEAKER_06
1273.74,1274.7,SPEAKER_06
1275.19,1277.37,SPEAKER_06
1277.72,1279.93,SPEAKER_06
1280.73,1283.05,SPEAKER_06
1283.68,1299.73,SPEAKER_06
1300.06,1301.67,SPEAKER_06
1302.07,1307.47,SPEAKER_06
1307.86,1309.65,SPEAKER_06
1310.54,1311.4,SPEAKER_06
1312.57,1313.65,SPEAKER_06
1314.42,1315.5,SPEAKER_06
1315.98,1316.72,SPEAKER_06
1317.16,1322.36,SPEAKER_06
1323.17,1330.73,SPEAKER_06
1330.95,1338.17,SPEAKER_06
1339.03,1339.4,SPEAKER_06
1340.99,1343.3,SPEAKER_10
1344.97,1345.88,SPEAKER_02
1346.28,1346.82,SPEAKER_02
1347.09,1372.86,SPEAKER_02
1382.67,1385.06,SPEAKER_06
1386.33,1387.29,SPEAKER_06
1387.32,1391.41,SPEAKER_06
1391.83,1392.35,SPEAKER_06
1392.59,1399.31,SPEAKER_06
1399.63,1417.02,SPEAKER_06
1417.19,1418.86,SPEAKER_06
1419.22,1420.21,SPEAKER_06
1420.72,1423.39,SPEAKER_06
1423.61,1424.37,SPEAKER_06
1425.85,1429.12,SPEAKER_06
1429.82,1435.77,SPEAKER_06
1438.19,1438.84,SPEAKER_06
1439.06,1441.07,SPEAKER_06
1442.07,1442.78,SPEAKER_06
1444.14,1444.8,SPEAKER_06
1445.81,1448.78,SPEAKER_06
1449.19,1450.22,SPEAKER_06
1451.58,1452.56,SPEAKER_06
1452.92,1454.32,SPEAKER_06
1454.62,1459.41,SPEAKER_06
1460.12,1462.99,SPEAKER_06
1463.95,1536.16,SPEAKER_06
1536.3,1540.89,SPEAKER_06
1541.22,1541.95,SPEAKER_06
1542.19,1543.32,SPEAKER_06
1543.96,1545.9,SPEAKER_06
1549.11,1551.81,SPEAKER_06
1551.84,1564.33,SPEAKER_06
1564.77,1568.71,SPEAKER_06
1568.93,1569.84,SPEAKER_06
1570.3,1573.41,SPEAKER_06
1573.71,1577.12,SPEAKER_06
1578.05,1582.82,SPEAKER_06
1583.78,1584.86,SPEAKER_06
1586.23,1587.19,SPEAKER_02
1587.5,1589.91,SPEAKER_06
1594.2,1595.58,SPEAKER_06
1596.03,1603.68,SPEAKER_06
1604.24,1608.44,SPEAKER_06
1608.71,1609.21,SPEAKER_06
1609.59,1612.52,SPEAKER_06
1613.16,1617.99,SPEAKER_06
1619.07,1619.46,SPEAKER_06
1620.52,1628.22,SPEAKER_06
1630.8,1632.69,SPEAKER_06
1635.1,1643.59,SPEAKER_10
1645.01,1646.9,SPEAKER_01
1647.71,1651.33,SPEAKER_01
1651.79,1656.68,SPEAKER_01
1657.27,1661.75,SPEAKER_01
1662.22,1663.55,SPEAKER_01
1664.13,1667.55,SPEAKER_01
1667.77,1668.48,SPEAKER_01
1669.2,1672.93,SPEAKER_01
1673.41,1675.57,SPEAKER_01
1675.65,1678.65,SPEAKER_01
1679.09,1683.4,SPEAKER_01
1683.75,1684.98,SPEAKER_01
1685.49,1688.31,SPEAKER_01
1688.86,1690.79,SPEAKER_01
1691.18,1693.89,SPEAKER_01
1694.1,1695.95,SPEAKER_01
1696.36,1700.64,SPEAKER_01
1700.96,1704.68,SPEAKER_01
1705.2,1708.17,SPEAKER_01
1708.91,1711.93,SPEAKER_01
1712.37,1713.45,SPEAKER_01
1714.18,1716.84,SPEAKER_01
1717.1,1718.5,SPEAKER_01
1718.92,1720.79,SPEAKER_01
1721.25,1725.45,SPEAKER_01
1725.87,1727.32,SPEAKER_01
1727.91,1730.61,SPEAKER_01
1730.85,1734.12,SPEAKER_01
1734.46,1735.44,SPEAKER_01
1735.95,1736.4,SPEAKER_01
1736.4,1736.42,SPEAKER_06
1738.14,1738.16,SPEAKER_01
1738.16,1741.01,SPEAKER_06
1741.97,1749.82,SPEAKER_06
1752.43,1755.12,SPEAKER_06
1755.62,1761.48,SPEAKER_06
1762.05,1773.91,SPEAKER_06
1774.77,1777.74,SPEAKER_06
1777.83,1778.61,SPEAKER_06
1778.84,1785.64,SPEAKER_06
1790.03,1791.84,SPEAKER_06
1793.03,1793.89,SPEAKER_06
1793.98,1799.88,SPEAKER_06
1800.66,1818.63,SPEAKER_06
1819.02,1831.59,SPEAKER_06
1831.93,1842.31,SPEAKER_08
1842.9,1848.06,SPEAKER_08
1848.79,1850.53,SPEAKER_08
1850.58,1856.33,SPEAKER_08
1855.35,1855.57,SPEAKER_00
1856.69,1882.03,SPEAKER_08
1882.61,1902.0,SPEAKER_08
1902.25,1907.28,SPEAKER_08
1907.75,1925.72,SPEAKER_08
1926.01,1936.27,SPEAKER_08
1938.51,1939.15,SPEAKER_10
1939.58,1943.0,SPEAKER_10
1945.63,1973.17,SPEAKER_03
1973.85,1974.46,SPEAKER_03
1974.98,2002.33,SPEAKER_03
2004.78,2006.49,SPEAKER_06
2008.26,2008.88,SPEAKER_06
2010.33,2012.07,SPEAKER_06
2012.37,2017.79,SPEAKER_06
2018.26,2019.68,SPEAKER_06
2020.2,2023.09,SPEAKER_06
2023.82,2025.52,SPEAKER_06
2026.95,2029.08,SPEAKER_06
2029.33,2030.92,SPEAKER_06
2031.44,2033.16,SPEAKER_06
2034.08,2034.94,SPEAKER_06
2036.07,2037.72,SPEAKER_06
2038.51,2041.01,SPEAKER_06
2041.5,2047.47,SPEAKER_06
2048.12,2050.06,SPEAKER_06
2050.9,2053.26,SPEAKER_06
2053.55,2055.66,SPEAKER_06
2055.96,2056.37,SPEAKER_06
2057.01,2081.04,SPEAKER_06
2081.51,2083.06,SPEAKER_06
2083.67,2085.06,SPEAKER_06
2085.58,2086.89,SPEAKER_06
2087.35,2089.58,SPEAKER_06
2090.15,2091.05,SPEAKER_06
2091.13,2091.89,SPEAKER_06
2093.22,2094.71,SPEAKER_06
2095.3,2096.4,SPEAKER_06
2096.75,2098.08,SPEAKER_06
2099.31,2100.51,SPEAKER_06
2101.81,2104.51,SPEAKER_06
2104.97,2105.56,SPEAKER_06
2107.18,2107.2,SPEAKER_06
2107.2,2107.82,SPEAKER_08
2107.82,2108.16,SPEAKER_06
2108.87,2114.89,SPEAKER_08
2115.36,2118.77,SPEAKER_08
2115.82,2115.92,SPEAKER_00
2119.21,2137.64,SPEAKER_08
2120.78,2120.8,SPEAKER_00
2138.68,2141.6,SPEAKER_08
2142.06,2151.24,SPEAKER_08
2153.65,2158.41,SPEAKER_10
2158.41,2175.61,SPEAKER_11
2175.78,2184.23,SPEAKER_11
2184.4,2227.08,SPEAKER_11
2230.1,2231.72,SPEAKER_06
2232.22,2233.35,SPEAKER_06
2236.34,2241.05,SPEAKER_06
2241.18,2241.82,SPEAKER_06
2242.47,2245.03,SPEAKER_06
2245.54,2251.61,SPEAKER_06
2253.15,2257.62,SPEAKER_06
2258.5,2259.95,SPEAKER_06
2260.29,2260.79,SPEAKER_06
2261.52,2262.65,SPEAKER_06
2262.92,2265.77,SPEAKER_06
2266.28,2266.7,SPEAKER_06
2267.07,2268.57,SPEAKER_06
2268.82,2269.8,SPEAKER_06
2270.78,2272.71,SPEAKER_06
2273.33,2275.24,SPEAKER_06
2275.59,2277.11,SPEAKER_06
2277.57,2279.37,SPEAKER_06
2279.52,2283.62,SPEAKER_06
2284.1,2290.05,SPEAKER_06
2290.53,2291.01,SPEAKER_06
2292.13,2292.8,SPEAKER_06
2294.19,2296.74,SPEAKER_06
2297.63,2298.68,SPEAKER_06
2299.01,2299.76,SPEAKER_06
2300.41,2301.75,SPEAKER_06
2302.32,2302.88,SPEAKER_06
2303.15,2306.54,SPEAKER_06
2306.86,2308.36,SPEAKER_06
2310.39,2312.7,SPEAKER_06
2313.53,2313.95,SPEAKER_06
2314.61,2315.23,SPEAKER_06
2316.7,2317.54,SPEAKER_06
2319.06,2319.94,SPEAKER_06
2320.39,2325.68,SPEAKER_06
2326.06,2327.03,SPEAKER_06
2327.53,2329.0,SPEAKER_06
2329.89,2331.21,SPEAKER_06
2331.75,2333.98,SPEAKER_06
2334.28,2340.26,SPEAKER_06
2341.03,2341.74,SPEAKER_06
2342.25,2345.91,SPEAKER_06
2346.38,2351.87,SPEAKER_06
2353.0,2353.37,SPEAKER_06
2356.24,2357.2,SPEAKER_06
2357.6,2358.19,SPEAKER_06
2358.28,2360.19,SPEAKER_06
2360.3,2362.67,SPEAKER_06
2363.43,2369.94,SPEAKER_06
2370.55,2373.36,SPEAKER_06
2377.89,2380.32,SPEAKER_06
2380.47,2394.76,SPEAKER_06
2396.55,2397.11,SPEAKER_06
2397.75,2399.37,SPEAKER_06
2399.84,2403.96,SPEAKER_06
2404.45,2407.72,SPEAKER_06
2408.7,2411.79,SPEAKER_06
2413.09,2413.43,SPEAKER_06
2414.1,2416.94,SPEAKER_10
2418.47,2422.89,SPEAKER_07
2425.17,2430.64,SPEAKER_07
2431.77,2438.94,SPEAKER_07
2439.72,2450.26,SPEAKER_07
2451.63,2457.28,SPEAKER_07
2457.6,2470.33,SPEAKER_07
2471.16,2471.66,SPEAKER_07
2471.66,2473.92,SPEAKER_06
2473.06,2473.21,SPEAKER_07
2473.32,2486.44,SPEAKER_07
2489.04,2494.02,SPEAKER_06
2497.06,2503.57,SPEAKER_06
2505.02,2505.68,SPEAKER_06
2506.29,2507.13,SPEAKER_06
2507.5,2508.84,SPEAKER_06
2509.38,2512.38,SPEAKER_06
2513.21,2517.39,SPEAKER_06
2518.37,2522.47,SPEAKER_06
2523.08,2523.32,SPEAKER_06
2523.97,2525.1,SPEAKER_06
2528.24,2529.44,SPEAKER_06
2529.75,2531.97,SPEAKER_06
2532.73,2533.12,SPEAKER_06
2534.49,2535.2,SPEAKER_06
2535.38,2536.7,SPEAKER_06
2536.98,2538.98,SPEAKER_06
2539.6,2540.78,SPEAKER_06
2541.76,2542.38,SPEAKER_06
2542.49,2543.16,SPEAKER_06
2543.6,2545.68,SPEAKER_06
2547.53,2550.45,SPEAKER_06
2550.67,2553.49,SPEAKER_06
2554.96,2556.59,SPEAKER_06
2557.81,2558.33,SPEAKER_06
2559.51,2562.16,SPEAKER_06
2563.29,2564.2,SPEAKER_06
2564.88,2565.82,SPEAKER_06
2566.67,2569.94,SPEAKER_06
2570.77,2576.79,SPEAKER_06
2577.79,2578.87,SPEAKER_06
2578.97,2582.24,SPEAKER_06
2584.84,2591.86,SPEAKER_06
2591.93,2595.41,SPEAKER_06
2595.63,2598.04,SPEAKER_06
2599.93,2602.17,SPEAKER_06
2603.32,2608.23,SPEAKER_06
2609.02,2610.51,SPEAKER_06
2611.13,2614.29,SPEAKER_06
2614.46,2615.32,SPEAKER_06
2615.82,2616.82,SPEAKER_06
2617.14,2619.37,SPEAKER_06
2620.48,2624.62,SPEAKER_06
2625.22,2626.2,SPEAKER_06
2626.81,2627.37,SPEAKER_06
2628.45,2630.02,SPEAKER_06
2630.91,2632.97,SPEAKER_06
2634.17,2636.7,SPEAKER_06
2636.85,2638.96,SPEAKER_06
2639.6,2640.09,SPEAKER_06
2640.95,2642.44,SPEAKER_06
2643.06,2643.84,SPEAKER_06
2643.97,2644.02,SPEAKER_06
2644.04,2644.71,SPEAKER_06
2644.98,2647.68,SPEAKER_06
2650.55,2651.06,SPEAKER_10
2652.92,2654.37,SPEAKER_10
2653.08,2653.52,SPEAKER_06
2655.55,2676.68,SPEAKER_06
2677.11,2680.14,SPEAKER_06
2680.24,2682.26,SPEAKER_06
2682.62,2685.21,SPEAKER_06
2685.55,2689.47,SPEAKER_06
2689.53,2690.13,SPEAKER_06
2691.15,2701.03,SPEAKER_06
2701.08,2703.96,SPEAKER_06
2705.28,2707.56,SPEAKER_10
2709.94,2719.3,SPEAKER_09
2719.1,2720.52,SPEAKER_06
2720.52,2720.58,SPEAKER_09
2721.16,2731.62,SPEAKER_09
2732.72,2758.06,SPEAKER_09
2759.79,2762.84,SPEAKER_06
2762.91,2765.13,SPEAKER_06
2765.49,2773.5,SPEAKER_06
2774.28,2774.74,SPEAKER_06
2774.96,2778.36,SPEAKER_06
2778.92,2780.19,SPEAKER_06
2780.69,2783.29,SPEAKER_06
2785.74,2788.08,SPEAKER_06
2788.3,2797.08,SPEAKER_06
2797.57,2798.73,SPEAKER_06
2799.17,2802.38,SPEAKER_06
2802.72,2804.22,SPEAKER_06
2804.35,2809.82,SPEAKER_06
2810.51,2813.48,SPEAKER_06
2813.75,2814.76,SPEAKER_06
2815.17,2815.47,SPEAKER_06
2816.45,2817.57,SPEAKER_06
2819.4,2820.96,SPEAKER_06
2822.71,2825.07,SPEAKER_06
2825.8,2827.66,SPEAKER_06
2828.87,2838.03,SPEAKER_06
2838.12,2841.92,SPEAKER_06
2843.49,2851.15,SPEAKER_06
2851.75,2857.39,SPEAKER_06
2857.76,2870.65,SPEAKER_06
2871.09,2882.91,SPEAKER_06
2883.41,2886.03,SPEAKER_06
2886.47,2888.59,SPEAKER_06
2888.95,2892.22,SPEAKER_06
2892.51,2894.46,SPEAKER_06
2895.63,2895.95,SPEAKER_06
2896.41,2903.59,SPEAKER_10
2909.25,2910.73,SPEAKER_06
2909.33,2910.46,SPEAKER_04
2912.91,2915.71,SPEAKER_04
2916.44,2918.97,SPEAKER_04
2919.32,2925.53,SPEAKER_04
2926.21,2929.95,SPEAKER_04
2930.48,2931.2,SPEAKER_04
2931.3,2939.1,SPEAKER_04
2939.79,2942.46,SPEAKER_04
2943.25,2949.07,SPEAKER_04
2949.44,2950.64,SPEAKER_04
2951.01,2952.89,SPEAKER_04
2953.51,2956.14,SPEAKER_04
2956.62,2960.33,SPEAKER_04
2960.95,2961.88,SPEAKER_04
2962.62,2964.72,SPEAKER_04
2965.15,2967.67,SPEAKER_04
2970.99,2973.25,SPEAKER_06
2973.84,2980.04,SPEAKER_06
2980.66,2981.19,SPEAKER_06
2981.93,2983.35,SPEAKER_06
2983.82,2987.24,SPEAKER_06
2987.61,2987.97,SPEAKER_06
2988.42,2990.79,SPEAKER_06
2991.38,3002.97,SPEAKER_06
3003.73,3007.97,SPEAKER_06
3008.2,3009.47,SPEAKER_06
3009.86,3010.87,SPEAKER_06
3011.29,3024.99,SPEAKER_06
3025.25,3030.16,SPEAKER_06
3030.85,3032.67,SPEAKER_06
3034.19,3036.21,SPEAKER_06
3036.72,3044.3,SPEAKER_06
3044.67,3057.06,SPEAKER_06
3058.19,3060.5,SPEAKER_08
3061.44,3067.33,SPEAKER_08
3068.14,3071.7,SPEAKER_08
3072.68,3074.94,SPEAKER_08
3075.79,3076.58,SPEAKER_08
3077.31,3079.04,SPEAKER_08
3079.72,3090.21,SPEAKER_08
3090.91,3092.64,SPEAKER_08
3093.1,3108.78,SPEAKER_08
3109.3,3114.53,SPEAKER_08
3115.16,3118.85,SPEAKER_08
3119.51,3120.54,SPEAKER_08
3121.15,3122.9,SPEAKER_08
3123.78,3148.42,SPEAKER_08
3148.55,3155.03,SPEAKER_08
3156.33,3158.04,SPEAKER_06
3159.22,3164.48,SPEAKER_10
3164.73,3164.97,SPEAKER_06
